開始時間,終了時間,セッション形式,セッション名,講演者,主分野,副分野,プラットフォーム,キーワードタグ,難易度,特記事項,URL
2025/07/24 11:10:00,2025/07/24 12:10:00,レギュラーセッション(60分),『フェスバ+』におけるECS × Netcode for Entitiesを活用した対戦型マルチプレイゲーム開発事例,株式会社コロプラ 阿部 大祐,エンジニアリング(ENG),カテゴリなし,"モバイル
PC","コンバットデザイン
サーバー
レベルデザイン",1:中辛(この分野の初心者へ),"現地講演
ASK the Speaker
ローカライズ可
アーカイブ可",https://cedec.cesa.or.jp/2025/timetable/detail/s67b163bc7305b
,,インタラクティブセッション,大学と施設を往還するゲーム開発者教育の取り組み,東京国際工科専門職大学 小野憲史,学術研究(AC),ゲームデザイン(GD),,,0:甘口(学生含めどなたでも),配信なし,https://cedec.cesa.or.jp/2025/timetable/detail/s67ac0ed2b2b50
2025/07/23 9:30:00,2025/07/23 10:30:00,レギュラーセッション(60分),Havok Cloth を使ったクロスシミュレーション設定ワークフローのご紹介,"Havok 曽良 洋介
株式会社クリーク･アンド･リバー社 横山 太一
株式会社クリーク･アンド･リバー社 田島 正太
株式会社クリーク･アンド･リバー社 長谷川 苑蔵",ビジュアルアーツ(VA),カテゴリなし,"コンシューマ
モバイル
PC
アーケード",,1:中辛(この分野の初心者へ),"現地講演
ASK the Speaker
ローカライズ可
アーカイブ可
ComingSoonで表示",https://cedec.cesa.or.jp/2025/timetable/detail/s6835a9ffea500
2025/07/24 16:40:00,2025/07/24 17:40:00,ラウンドテーブル(60分),ゲーム業界におけるリアルタイム通信プロトコルの最適な選択肢を探るラウンドテーブル 2025,"個人 竹原 涼
個人 後藤 ゆき",エンジニアリング(ENG),カテゴリなし,,サーバー,3:激辛(知的刺激を求める人へ),"配信なし
現地講演
ASK the Speaker",https://cedec.cesa.or.jp/2025/timetable/detail/s67b2616d2e68a
2025/07/23 14:40:00,2025/07/23 15:40:00,レギュラーセッション(60分),強化学習の恩恵をユーザー体験に 〜 運営型ゲームにおけるエッジAI開発の舞台裏,"株式会社ディー・エヌ・エー 竹村　伸太郎
株式会社ディー・エヌ・エー 坂見 耕輔
株式会社ディー・エヌ・エー 村上 直輝",エンジニアリング(ENG),学術研究(AC),,"AI/ML
GaaS
サーバー",1:中辛(この分野の初心者へ),"現地講演
ASK the Speaker
ローカライズ可
アーカイブ可",https://cedec.cesa.or.jp/2025/timetable/detail/s67ad6b32bd472
2025/07/24 15:00:00,2025/07/24 16:00:00,レギュラーセッション(60分),ゲーム技術を活用した、自動車UI/UX評価用ドライビングシミュレーターの構築と運用,"ウーブン・バイ・トヨタ株式会社 荒巻　凌
ウーブン・バイ・トヨタ株式会社 辻　賢一郎",エンジニアリング(ENG),カテゴリなし,,"UI
UX",0:甘口(学生含めどなたでも),"現地講演
ASK the Speaker",https://cedec.cesa.or.jp/2025/timetable/detail/s6796187c500a8
2025/07/22 18:00:00,2025/07/22 19:00:00,レギュラーセッション(60分),"""遠くて近い""チームをつくる──リモートワークで「開発現場に必要とされる人材」になる方法","株式会社CySphere 土屋 玲香
株式会社CySphere 高橋 孝平
株式会社CySphere 松永 和也",プロダクション(PRD),カテゴリなし,,,0:甘口(学生含めどなたでも),"現地講演
ASK the Speaker
ComingSoonで表示",https://cedec.cesa.or.jp/2025/timetable/detail/s681af8fc28576
2025/07/22 11:10:00,2025/07/22 12:10:00,レギュラーセッション(60分),全ては「最高に没入できる狩り」のために。モンスターハンターワイルズのナラティブデザイン事例,株式会社カプコン 西　恵佑,ゲームデザイン(GD),カテゴリなし,コンシューマ,"UX
ストーリーテリング",0:甘口(学生含めどなたでも),現地講演,https://cedec.cesa.or.jp/2025/timetable/detail/s67af4000f0e6c
2025/07/24 13:40:00,2025/07/24 14:40:00,レギュラーセッション(60分),「モンスターハンターワイルズ」アーティストによるシェーダー作成のノウハウ,株式会社カプコン 高木康行,ビジュアルアーツ(VA),カテゴリなし,"コンシューマ
PC","TA
レンダリング",1:中辛(この分野の初心者へ),"現地講演
ASK the Speaker
ローカライズ可
アーカイブ可",https://cedec.cesa.or.jp/2025/timetable/detail/s67a181e641c59
2025/07/22 13:40:00,2025/07/22 14:40:00,レギュラーセッション(60分),Unreal Engine 5.6 最新アップデート - オープンワールドで60FPSを達成するための最適化,"Epic Games Japan 澤田 祐太朗
Epic Games Japan 鈴木 孝司",エンジニアリング(ENG),ビジュアルアーツ(VA),,,1:中辛(この分野の初心者へ),"現地講演
ローカライズ可
アーカイブ可
ComingSoonで表示",https://cedec.cesa.or.jp/2025/timetable/detail/s681af4e807c8c
2025/07/23 14:40:00,2025/07/23 15:40:00,レギュラーセッション(60分),『モンスターハンターワイルズ』の技術を未来に繋げる！軌跡と展望について,"株式会社カプコン 深沢 巧太
株式会社カプコン 井上 真一",プロダクション(PRD),エンジニアリング(ENG),"コンシューマ
PC","AI/ML
サーバー",0:甘口(学生含めどなたでも),"現地講演
ASK the Speaker",https://cedec.cesa.or.jp/2025/timetable/detail/s67a95c7bc181b
2025/07/24 11:10:00,2025/07/24 11:35:00,ショートセッション(25分),Bandai Namco Entertainment × インフラ会社の最強タッグ 開発エンジニアの負担を減らし、面白さを最大化する秘訣,"株式会社 grasys 中島 健
株式会社バンダイナムコエンターテインメント 河原 真太郎",エンジニアリング(ENG),カテゴリなし,コンシューマ,,1:中辛(この分野の初心者へ),"現地講演
ASK the Speaker
ローカライズ可
アーカイブ可
ComingSoonで表示",https://cedec.cesa.or.jp/2025/timetable/detail/s681af35bddb3f
2025/07/23 16:20:00,2025/07/23 17:20:00,レギュラーセッション(60分),モバイルゲームの開発を支える基盤の歩み 〜再現性のある開発ラインを量産する秘訣〜,株式会社QualiArts 田村 和範,プロダクション(PRD),エンジニアリング(ENG),モバイル,"CI/CD
QA",1:中辛(この分野の初心者へ),"現地講演
ASK the Speaker
ローカライズ可
アーカイブ可",https://cedec.cesa.or.jp/2025/timetable/detail/s679c66603fcbd
2025/07/24 18:00:00,2025/07/24 19:00:00,レギュラーセッション(60分),急成長市場向け3D制作：リアルタイム3Dデータ最適化、テクスチャリング、資産管理、協力的アプリ・ゲーム開発のためのスケーラブルで最先端なソリューションを発見,Abstract Manfred M. Nerurkar,エンジニアリング(ENG),ビジネス&プロデュース(BP),,,0:甘口(学生含めどなたでも),"逐次通訳
現地講演
ASK the Speaker
ローカライズ可
アーカイブ可
ComingSoonで表示",https://cedec.cesa.or.jp/2025/timetable/detail/s682bc945f0c9e
2025/07/23 13:20:00,2025/07/23 14:20:00,レギュラーセッション(60分),マンガ家が１年間取材して解明した、インディーゲーム開発者のキャリアデザイン,"個人事業主 新井　春巻
株式会社ヘッドハイ 一條　貴彰",ビジネス&プロデュース(BP),プロダクション(PRD),"コンシューマ
PC",,0:甘口(学生含めどなたでも),"現地講演
ASK the Speaker
アーカイブ可",https://cedec.cesa.or.jp/2025/timetable/detail/s67af21e6c65f8
2025/07/22 16:40:00,2025/07/22 17:40:00,レギュラーセッション(60分),西洋服飾史の流れ（古代〜近世）,文化服装学院 朝日 真,ビジュアルアーツ(VA),カテゴリなし,,,0:甘口(学生含めどなたでも),現地講演,https://cedec.cesa.or.jp/2025/timetable/detail/s67e2c32d63aa0
2025/07/24 18:00:00,2025/07/24 18:25:00,ショートセッション(25分),ゲーム制作×AI利活用の実践モデルをご紹介 〜「失敗上等」の精神から生まれた倫理チェックAIエージェント〜,"株式会社ブレインパッド 松本 洋介
株式会社ADKマーケティング・ソリューションズ 北村 崇",エンジニアリング(ENG),ビジネス&プロデュース(BP),,,1:中辛(この分野の初心者へ),"現地講演
ASK the Speaker
ComingSoonで表示",https://cedec.cesa.or.jp/2025/timetable/detail/s682bc993a984a
2025/07/22 18:00:00,2025/07/22 19:00:00,レギュラーセッション(60分),映画制作・ゲームシネマティック作成を支えるJob管理・レンダーファーム運用におけるDispatcherシステム,"マーザ・アニメーションプラネット株式会社 松成　隆正
マーザ・アニメーションプラネット株式会社 ハン ソヨン
マーザ・アニメーションプラネット株式会社 傘木 奈都美",ビジュアルアーツ(VA),プロダクション(PRD),,"TA
レンダリング",1:中辛(この分野の初心者へ),現地講演,https://cedec.cesa.or.jp/2025/timetable/detail/s67af17fd974b2
2025/07/22 11:10:00,2025/07/22 12:10:00,レギュラーセッション(60分),「現実空間」を3DCG生成する「空間キャプチャソリューション」のエンタメ領域での活用提案,"ソニー株式会社 小倉 翔
ソニー株式会社 村田 雄太 
ソニー株式会社 太田 佳之",学術研究(AC),カテゴリなし,,,0:甘口(学生含めどなたでも),"現地講演
ComingSoonで表示",https://cedec.cesa.or.jp/2025/timetable/detail/s67e2b7464bc97
2025/07/23 9:30:00,2025/07/23 9:55:00,ショートセッション(25分),スクウェア・エニックスの「エンバーストーリア」を支えるDatadog活用術,"Datadog Japan合同会社 川崎 敬仁
株式会社オレンジキューブ 宗原 吉則
合同会社きのこ 吉崎 生",エンジニアリング(ENG),カテゴリなし,"コンシューマ
モバイル
PC",,1:中辛(この分野の初心者へ),"現地講演
ASK the Speaker
ローカライズ可
アーカイブ可
ComingSoonで表示",https://cedec.cesa.or.jp/2025/timetable/detail/s681aeb6a3fa61
2025/07/23 16:20:00,2025/07/23 16:45:00,ショートセッション(25分),中国発のAIがゲーム開発を変える：開発効率化と価値創出のための実践的アプローチ,アリババクラウド・ジャパンサービス株式会社 藤川 裕一,エンジニアリング(ENG),ゲームデザイン(GD),,,1:中辛(この分野の初心者へ),"現地講演
ASK the Speaker
ローカライズ可
アーカイブ可
ComingSoonで表示",https://cedec.cesa.or.jp/2025/timetable/detail/s681ae814a9fcb
2025/07/23 9:30:00,2025/07/23 10:30:00,チュートリアル,フォーリーアーティスト直伝！フォーリーの基礎知識と、スタジオ環境に依存しないフォーリー的サウンドデザイン,株式会社evance 渡邊 雅文,サウンド(SND),カテゴリなし,,,0:甘口(学生含めどなたでも),"現地講演
ASK the Speaker
ローカライズ可
アーカイブ可",https://cedec.cesa.or.jp/2025/timetable/detail/s67b2765daf752
2025/07/24 11:10:00,2025/07/24 12:10:00,レギュラーセッション(60分),日本語音声の違和感との闘い：re:voix studioで得た知見とこれまでの取り組みについて,"株式会社ソノロジックデザイン 牛島 正人
株式会社ソノロジックデザイン 島野 真好
株式会社ソノロジックデザイン 宮内 俊成",サウンド(SND),カテゴリなし,,,2:辛口(ある程度の経験がある人へ),"現地講演
ASK the Speaker
ローカライズ可
アーカイブ可
ComingSoonで表示",https://cedec.cesa.or.jp/2025/timetable/detail/s681ae4aa6c765
2025/07/22 16:40:00,2025/07/22 17:40:00,レギュラーセッション(60分),疑うことがゲームを面白くする  — ゲーム制作におけるクリティカル・シンキングの応用 —,だらねこげーむず だらねこ / 小笠原 健太,ゲームデザイン(GD),カテゴリなし,,,0:甘口(学生含めどなたでも),"現地講演
ASK the Speaker
ローカライズ可
アーカイブ可",https://cedec.cesa.or.jp/2025/timetable/detail/s67b0454b7f56a
2025/07/22 16:40:00,2025/07/22 17:40:00,レギュラーセッション(60分),『VIractal』 協力型ボードゲームを、音と声で盛り上げろ！ボイチャも含めたサウンド演出,"株式会社スティング 渡辺 恵太
株式会社ＣＲＩ・ミドルウェア 家室 証
株式会社ＣＲＩ・ミドルウェア 漆畑 裕介",ゲームデザイン(GD),サウンド(SND),"コンシューマ
PC",,0:甘口(学生含めどなたでも),"現地講演
ASK the Speaker
ローカライズ可
アーカイブ可
ComingSoonで表示",https://cedec.cesa.or.jp/2025/timetable/detail/s681af3dadc33b
,,インタラクティブセッション,ICレコーダー一本でハプティクス収録・再生！振動フォーリーポータブル,"株式会社スクウェア・エニックス 山本 雄飛
株式会社スクウェア・エニックス 徳武 魁人",サウンド(SND),カテゴリなし,"コンシューマ
PC",,0:甘口(学生含めどなたでも),"配信なし
現地講演",https://cedec.cesa.or.jp/2025/timetable/detail/s67aea954af472
2025/07/22 16:40:00,2025/07/22 17:40:00,レギュラーセッション(60分),E2Eだけがテスト自動化じゃない！ Unity製ゲームの開発者テスト チュートリアル,株式会社サイバーエージェント/ ハブシステムズ有限会社 長谷川 孝二,プロダクション(PRD),カテゴリなし,,"QA
自動テスト",1:中辛(この分野の初心者へ),"現地講演
ASK the Speaker
ローカライズ可
アーカイブ可",https://cedec.cesa.or.jp/2025/timetable/detail/s67e2bc31cfe5e
2025/07/24 15:30:00,2025/07/24 15:55:00,ショートセッション(25分),ゲームの裏側で戦う──Akamaiが観たセキュリティ脅威とCygamesの実践的な対策,"アカマイ・テクノロジーズ合同会社 小松 大晟
株式会社Cygames 佐藤 太志",エンジニアリング(ENG),カテゴリなし,,,0:甘口(学生含めどなたでも),"現地講演
ASK the Speaker
ComingSoonで表示",https://cedec.cesa.or.jp/2025/timetable/detail/s681ae75fc6ec4
2025/07/23 10:50:00,2025/07/23 11:50:00,レギュラーセッション(60分),The AI era: Trends and Tools you should know about／AI時代の到来：知っておくべきトレンドとツール,Orion Productions K.K. マーセロン・ジュリアン,エンジニアリング(ENG),プロダクション(PRD),"コンシューマ
モバイル
PC
アーケード",AI/ML,1:中辛(この分野の初心者へ),"同時通訳
現地講演
ASK the Speaker
ローカライズ可
アーカイブ可
ComingSoonで表示",https://cedec.cesa.or.jp/2025/timetable/detail/s67fce45d8d13a
2025/07/22 11:10:00,2025/07/22 12:10:00,レギュラーセッション(60分),生成AI，AIエージェント，次は？,慶應義塾大学 栗原 聡,ビジネス&プロデュース(BP),カテゴリなし,,AI/ML,0:甘口(学生含めどなたでも),"現地講演
ComingSoonで表示",https://cedec.cesa.or.jp/2025/timetable/detail/s67e2a7ce4e411
2025/07/24 18:00:00,2025/07/24 19:00:00,レギュラーセッション(60分),BGMの力でKPI1.5倍！ ゲーム開発にも活かせるダーツ業界初のサウンド演出,株式会社ダーツライブ 濱 光毅,ゲームデザイン(GD),サウンド(SND),,UX,0:甘口(学生含めどなたでも),"現地講演
ローカライズ可
アーカイブ可",https://cedec.cesa.or.jp/2025/timetable/detail/s67af26ac15c33
2025/07/22 18:00:00,2025/07/22 19:00:00,パネルディスカッション(60分),Video Games Development in the West: The Panel／欧米のビデオゲーム開発に関するパネルディスカッション,"Orion Productions K.K. マーセロン・ジュリアン
Nightmare Friends クリストファー・トッテン
ID Software ティアゴ・ソウザ
KEYWORDS ギヨーム・ハンサリ
BLACK TOWER STUDIOS マーク・マヌエロ",ゲームデザイン(GD),"エンジニアリング(ENG)
プロダクション(PRD)
ビジュアルアーツ(VA)","コンシューマ
モバイル
PC
アーケード",,3:激辛(知的刺激を求める人へ),"同時通訳
現地講演
ASK the Speaker
ローカライズ可
アーカイブ可
ComingSoonで表示",https://cedec.cesa.or.jp/2025/timetable/detail/s67fce683e3af2
2025/07/23 10:50:00,2025/07/23 11:50:00,レギュラーセッション(60分),ヘブンバーンズレッドのレンダリングパイプライン刷新,株式会社WFS 野口 顕弘,エンジニアリング(ENG),カテゴリなし,"モバイル
PC",レンダリング,1:中辛(この分野の初心者へ),"現地講演
ASK the Speaker
ローカライズ可
アーカイブ可",https://cedec.cesa.or.jp/2025/timetable/detail/s67ae9d9375516
2025/07/23 10:50:00,2025/07/23 11:50:00,レギュラーセッション(60分),今日から使える！ゲーム開発に必須のコミュニケーションスキル,株式会社ディー・エヌ・エー 山口　晴美,プロダクション(PRD),カテゴリなし,,,0:甘口(学生含めどなたでも),"現地講演
ASK the Speaker
ローカライズ可
アーカイブ可",https://cedec.cesa.or.jp/2025/timetable/detail/s67ac325256086
2025/07/23 13:20:00,2025/07/23 14:20:00,パネルディスカッション(60分),Video Game Technology in the West: The Panel／欧米のビデオゲームテクノロジーに関するパネルディスカッション,"Orion Productions K.K. マーセロン・ジュリアン
Independent エドガー ハンディ
ID Software ティアゴ・ソウザ
日本AMD株式会社 ラクロア・ジェイソン
KEYWORDS ギヨーム・ハンサリ",エンジニアリング(ENG),"プロダクション(PRD)
学術研究(AC)","コンシューマ
モバイル
PC
アーケード",,3:激辛(知的刺激を求める人へ),"同時通訳
現地講演
ASK the Speaker
ローカライズ可
アーカイブ可
ComingSoonで表示",https://cedec.cesa.or.jp/2025/timetable/detail/s67fce71f23846
2025/07/22 13:40:00,2025/07/22 14:40:00,レギュラーセッション(60分),"トライ＆エラーでつかんだ1,000万DL ~新卒が挑むハイパーカジュアルゲーム~","株式会社カヤック 鬼頭 俊一
株式会社カヤック 郭 子靖（かく　しせい）
株式会社カヤック 北村　麻奈
株式会社カヤック  谷川ユウジ",ゲームデザイン(GD),ビジネス&プロデュース(BP),モバイル,,0:甘口(学生含めどなたでも),"現地講演
ASK the Speaker
ローカライズ可
アーカイブ可",https://cedec.cesa.or.jp/2025/timetable/detail/s67af00813400e
2025/07/23 16:50:00,2025/07/23 17:15:00,ショートセッション(25分),モンスターハンターワイルズにおけるHDRカラーグレーディング,株式会社カプコン 田中 王士郎,エンジニアリング(ENG),ビジュアルアーツ(VA),,"TA
レンダリング",1:中辛(この分野の初心者へ),"現地講演
ASK the Speaker",https://cedec.cesa.or.jp/2025/timetable/detail/s67ad9f836e5ae
2025/07/23 14:40:00,2025/07/23 15:40:00,レギュラーセッション(60分),Web媒介型サイバー攻撃対策アプリ『タチコマ・セキュリティ・エージェント』におけるゲームフルデザインの手法,"株式会社カヤック 原　真人
株式会社カヤック 渡邉和歳",ゲームデザイン(GD),ビジネス&プロデュース(BP),"モバイル
PC",UX,0:甘口(学生含めどなたでも),"現地講演
ASK the Speaker
ローカライズ可
アーカイブ可",https://cedec.cesa.or.jp/2025/timetable/detail/s67b28761aba89
2025/07/23 10:50:00,2025/07/23 11:50:00,レギュラーセッション(60分),大規模言語モデルを活用したゲーム内会話パートのスクリプト作成支援への取り組み,株式会社Cygames 立福寛,エンジニアリング(ENG),"プロダクション(PRD)
ゲームデザイン(GD)",,AI/ML,0:甘口(学生含めどなたでも),"現地講演
ASK the Speaker",https://cedec.cesa.or.jp/2025/timetable/detail/s67af03f20aafa
2025/07/23 10:00:00,2025/07/23 10:25:00,ショートセッション(25分),ゲームメーカーが続々実践！オウンドコミュニティがもたらす価値,コミューン株式会社 真殿 晃輔,ビジネス&プロデュース(BP),カテゴリなし,"コンシューマ
モバイル
PC
アーケード",,1:中辛(この分野の初心者へ),"現地講演
ASK the Speaker
ローカライズ可
アーカイブ可
ComingSoonで表示",https://cedec.cesa.or.jp/2025/timetable/detail/s681af69b45b39
2025/07/24 15:30:00,2025/07/24 15:55:00,ショートセッション(25分),ゲームの入力遅延の計測およびリモートプレイを考慮した場合の入力遅延の変化と遅延対策,"株式会社セガ フェイブ 瀬戸 大樹
株式会社 CRI・ミドルウェア 渡邉 光輝",エンジニアリング(ENG),サウンド(SND),"PC
アーケード",サーバー,1:中辛(この分野の初心者へ),"現地講演
ASK the Speaker
ローカライズ可
アーカイブ可",https://cedec.cesa.or.jp/2025/timetable/detail/s67a30f52b26c7
2025/07/22 18:00:00,2025/07/22 19:00:00,レギュラーセッション(60分),戦い続けるための自動化技術〜テクニカルサウンドチームの取り組み,"株式会社バンダイナムコスタジオ ��橋 みなも
株式会社バンダイナムコスタジオ 中西 哲一
株式会社Prismaton 木幡 周治",サウンド(SND),エンジニアリング(ENG),,,1:中辛(この分野の初心者へ),"現地講演
ASK the Speaker
ローカライズ可
アーカイブ可",https://cedec.cesa.or.jp/2025/timetable/detail/s67a3168661b58
2025/07/23 16:20:00,2025/07/23 17:20:00,レギュラーセッション(60分),背景レイアウトから読み解く、『ELDEN RING』の世界,"株式会社フロム・ソフトウェア 佐藤 秀憲
株式会社フロム・ソフトウェア 片平 怜士",ビジュアルアーツ(VA),カテゴリなし,"コンシューマ
PC",レベルデザイン,0:甘口(学生含めどなたでも),"現地講演
ASK the Speaker
ローカライズ可
アーカイブ可",https://cedec.cesa.or.jp/2025/timetable/detail/s67af327dba680
2025/07/22 16:40:00,2025/07/22 17:40:00,レギュラーセッション(60分),Epic Games Storeにゲームを出しましょう〜,Epic Games Japan William Bernard,ビジネス&プロデュース(BP),カテゴリなし,PC,,0:甘口(学生含めどなたでも),"現地講演
ComingSoonで表示",https://cedec.cesa.or.jp/2025/timetable/detail/s681af5329ffd1
2025/07/22 15:00:00,2025/07/22 16:00:00,レギュラーセッション(60分),Unity Object 原論,ユニティ・テクノロジーズ・ジャパン株式会社 高橋 啓治郎,エンジニアリング(ENG),カテゴリなし,,,2:辛口(ある程度の経験がある人へ),"現地講演
ComingSoonで表示",https://cedec.cesa.or.jp/2025/timetable/detail/s681ae2f1eb121
2025/07/24 16:40:00,2025/07/24 17:05:00,ショートセッション(25分),『Faaast Penguin』で実践！クラウドゲーミングによるゲーム開発効率化,"株式会社ヒストリア 佐々木 瞬
アマゾン ウェブ サービス ジャパン合同会社 小森谷 健太",エンジニアリング(ENG),カテゴリなし,,,0:甘口(学生含めどなたでも),"現地講演
ComingSoonで表示",https://cedec.cesa.or.jp/2025/timetable/detail/s681af28b7ece4
2025/07/22 18:30:00,2025/07/22 18:55:00,ショートセッション(25分),Unity Graphics Test Frameworkを使ったビジュアルリグレッションテスト,株式会社サイバーエージェント 清原　隆行,エンジニアリング(ENG),プロダクション(PRD),モバイル,"QA
自動テスト
レンダリング",1:中辛(この分野の初心者へ),現地講演,https://cedec.cesa.or.jp/2025/timetable/detail/s67af09d2c81d3
2025/07/22 11:10:00,2025/07/22 12:10:00,レギュラーセッション(60分),ゲーム事業者が知っておきたい国内外のダークパターン規制の動向と留意点,シティユーワ法律事務所 野本　新,ビジネス&プロデュース(BP),カテゴリなし,,QA,0:甘口(学生含めどなたでも),"現地講演
ASK the Speaker",https://cedec.cesa.or.jp/2025/timetable/detail/s67b1d6b2a14ec
2025/07/23 9:30:00,2025/07/23 10:30:00,レギュラーセッション(60分),多光源レンダリングを理解する 〜効率的な光源サンプリング手法の紹介〜,日本AMD株式会社 池田　翔,エンジニアリング(ENG),カテゴリなし,,レンダリング,1:中辛(この分野の初心者へ),"現地講演
ローカライズ可",https://cedec.cesa.or.jp/2025/timetable/detail/s67b1f7873802c
2025/07/23 14:40:00,2025/07/23 15:40:00,レギュラーセッション(60分),Pok?mon TCG Pocket : ポケモンカードをデジタルで表現するためのサウンド設計思想,"株式会社ディー・エヌ・エー 山口　晴美
株式会社クリーチャーズ 伊藤 歩",サウンド(SND),ゲームデザイン(GD),,UX,0:甘口(学生含めどなたでも),"現地講演
ASK the Speaker",https://cedec.cesa.or.jp/2025/timetable/detail/s67add00c6e635
2025/07/23 16:50:00,2025/07/23 17:15:00,ショートセッション(25分),「使える！」不適切投稿自動摘発AIモデルを作る - トレーニングデータをどう作成するか,"株式会社セガ 村上 宰和
株式会社セガ 横島 太志",エンジニアリング(ENG),プロダクション(PRD),"コンシューマ
モバイル
PC","AI/ML
GaaS",1:中辛(この分野の初心者へ),"現地講演
ローカライズ可
アーカイブ可",https://cedec.cesa.or.jp/2025/timetable/detail/s67ac0e0b02bc5
2025/07/23 16:20:00,2025/07/23 17:20:00,レギュラーセッション(60分),マーダーミステリーのゲームデザイン,日本マーダーミステリー作家協会 檜木田　正史,ゲームデザイン(GD),カテゴリなし,,ストーリーテリング,0:甘口(学生含めどなたでも),"現地講演
ASK the Speaker
ローカライズ可",https://cedec.cesa.or.jp/2025/timetable/detail/s67e2b1469be3d
,,インタラクティブセッション,【展示】ぞわぞわを作るための人工生態系序論,"株式会社電通 平井 龍之介
東京大学大学院 鈴木 慎吾",学術研究(AC),カテゴリなし,,,0:甘口(学生含めどなたでも),"配信なし
現地講演
ASK the Speaker
ローカライズ可
アーカイブ可",https://cedec.cesa.or.jp/2025/timetable/detail/s67e2ba002a312
2025/07/24 11:10:00,2025/07/24 12:10:00,ラウンドテーブル(60分),”おもしろさ”を語る場を作る！ ゲームデザイン社内勉強会ラウンドテーブル,"株式会社スクウェア・エニックス 里井 大輝
株式会社スクウェア・エニックス 安明 真哉",ゲームデザイン(GD),プロダクション(PRD),,UX,0:甘口(学生含めどなたでも),"現地講演
ASK the Speaker
ローカライズ可
アーカイブ可
ラウンドテーブル・ワークショップ配信あり",https://cedec.cesa.or.jp/2025/timetable/detail/s67ade7a624d61
2025/07/23 9:30:00,2025/07/23 10:30:00,レギュラーセッション(60分),日常を侵蝕するゲームの作り方 〜ARGのゲーム設計〜,"有限会社エレメンツ 石川　淳一
IGDA日本 清木 昌",ゲームデザイン(GD),ビジネス&プロデュース(BP),,"UX
ストーリーテリング",1:中辛(この分野の初心者へ),"現地講演
ASK the Speaker
ローカライズ可
アーカイブ可",https://cedec.cesa.or.jp/2025/timetable/detail/s67b1121b404ad
2025/07/24 11:10:00,2025/07/24 12:10:00,レギュラーセッション(60分),遠隔地から生出演！現地の生バンドとセッションする伝送技術,カバー株式会社 小野 敏之,エンジニアリング(ENG),サウンド(SND),,サーバー,3:激辛(知的刺激を求める人へ),"現地講演
ASK the Speaker",https://cedec.cesa.or.jp/2025/timetable/detail/s67ad84d9ee8ad
2025/07/22 11:10:00,2025/07/22 12:10:00,レギュラーセッション(60分),過去300件以上の評価実績を通じて分かった、ゲームの魅力的品質向上のためのユーザーレビューの重要性とポイントを解説（初級編）,AIQVE ONE株式会社 杉山 博康,ゲームデザイン(GD),ビジネス&プロデュース(BP),,"QA
UX
ゲームユーザーリサーチ",1:中辛(この分野の初心者へ),"現地講演
ASK the Speaker
アーカイブ可",https://cedec.cesa.or.jp/2025/timetable/detail/s67b1e808802e6
2025/07/24 15:00:00,2025/07/24 16:00:00,レギュラーセッション(60分),7周年を迎える「共闘ことばRPGコトダマン」のストーリー/世界観の生存戦略,株式会社MIXI 吉岡 翔,ゲームデザイン(GD),カテゴリなし,,"GaaS
QA
ストーリーテリング",1:中辛(この分野の初心者へ),"現地講演
ASK the Speaker
ローカライズ可
アーカイブ可",https://cedec.cesa.or.jp/2025/timetable/detail/s67b20a84d14ef
2025/07/23 9:30:00,2025/07/23 9:55:00,ショートセッション(25分),日本から世界へ「収益を最大化するためのグローバル決済戦略」,Xsolla Japan 丁珍/ジョン・ジン,カテゴリなし,,,,0:甘口(学生含めどなたでも),"現地講演
ComingSoonで表示",https://cedec.cesa.or.jp/2025/timetable/detail/s681af2eae7a65
2025/07/22 18:00:00,2025/07/22 19:00:00,レギュラーセッション(60分),『プロジェクトセカイ』と Diarkis の進化の軌跡,"株式会社Diarkis 高橋信頼
株式会社Colorful Palette 伊藤 寛起
株式会社 Diarkis 奥村 開里",エンジニアリング(ENG),ゲームデザイン(GD),"コンシューマ
モバイル
PC",,1:中辛(この分野の初心者へ),"現地講演
アーカイブ可
ComingSoonで表示",https://cedec.cesa.or.jp/2025/timetable/detail/s681af5d1d38fe
2025/07/24 18:30:00,2025/07/24 18:55:00,ショートセッション(25分),最新のHavokの機能を紹介：高精細なシミュレーションをいろいろな意味で低コストで,Havok 萬本 忠宏,エンジニアリング(ENG),カテゴリなし,,,0:甘口(学生含めどなたでも),"現地講演
ComingSoonで表示",https://cedec.cesa.or.jp/2025/timetable/detail/s6835ab8503868
2025/07/23 16:20:00,2025/07/23 16:45:00,ショートセッション(25分),縞模様のテクスチャに対するサンプリングでのアンチエイリアシング,東京工芸大学 今給黎 隆,エンジニアリング(ENG),学術研究(AC),,レンダリング,2:辛口(ある程度の経験がある人へ),"現地講演
ローカライズ可
アーカイブ可",https://cedec.cesa.or.jp/2025/timetable/detail/s67aef3db0b09e
2025/07/23 14:40:00,2025/07/23 15:40:00,レギュラーセッション(60分),Principles of Spatial Design for Game Designers／ゲームデザイナーのための空間設計の原則,Nightmare Friends クリストファー・トッテン,ゲームデザイン(GD),カテゴリなし,"コンシューマ
PC",レベルデザイン,1:中辛(この分野の初心者へ),"同時通訳
現地講演
ASK the Speaker
ローカライズ可
アーカイブ可
ComingSoonで表示",https://cedec.cesa.or.jp/2025/timetable/detail/s67fce0df8cdd5
2025/07/22 11:40:00,2025/07/22 12:05:00,ショートセッション(25分),“もっと近くに置ける”時代のゲームサーバー 〜Akamaiの新しいコンテナサービスの可能性〜,アカマイ・テクノロジーズ合同会社 大石 太郎,エンジニアリング(ENG),,,,0:甘口(学生含めどなたでも),"現地講演
ASK the Speaker
ComingSoonで表示",https://cedec.cesa.or.jp/2025/timetable/detail/s681ae6d899f63
2025/07/23 13:20:00,2025/07/23 14:20:00,レギュラーセッション(60分),『Shadowverse: Worlds Beyond』二度目のDCG開発でゲームをリデザインする〜遊びやすさと競技性の両立〜,株式会社Cygames 宮下 尚之,ゲームデザイン(GD),カテゴリなし,,,0:甘口(学生含めどなたでも),"現地講演
ComingSoonで表示",https://cedec.cesa.or.jp/2025/timetable/detail/s681af892bb4f9
2025/07/24 13:40:00,2025/07/24 14:40:00,レギュラーセッション(60分),「学園アイドルマスター」のバックエンドを支える基盤システムの仕組み,株式会社QualiArts 鈴木 光,エンジニアリング(ENG),カテゴリなし,"モバイル
PC","GaaS
サーバー",2:辛口(ある程度の経験がある人へ),"現地講演
ASK the Speaker
ローカライズ可
アーカイブ可",https://cedec.cesa.or.jp/2025/timetable/detail/s67a5b1155ef14
2025/07/22 13:40:00,2025/07/22 14:40:00,レギュラーセッション(60分),ゲーム開発者が教育コンテンツの開発に挑戦！子ども向け事業会社設立から日本e-Learning大賞を受賞するまでの軌跡,"株式会社キッズプロジェクト 小林一博
株式会社ウデキキキカク 設樂　昌宏",ビジネス&プロデュース(BP),ゲームデザイン(GD),,,1:中辛(この分野の初心者へ),"現地講演
ASK the Speaker
ローカライズ可
アーカイブ可",https://cedec.cesa.or.jp/2025/timetable/detail/s67b201d443d3d
2025/07/24 15:00:00,2025/07/24 16:00:00,ラウンドテーブル(60分),育児ロードマップの見える化とナレッジ共有！【ワーペアラウンドテーブル2025】,"セガサミーホールディングス株式会社 茂呂 真由美
monoAI technology株式会社 本城 嘉太郎
株式会社セガ 菊川 陽介
株式会社セガ 鈴木 こずえ",ビジネス&プロデュース(BP),プロダクション(PRD),,,0:甘口(学生含めどなたでも),"現地講演
ローカライズ可
アーカイブ可
ラウンドテーブル・ワークショップ配信あり",https://cedec.cesa.or.jp/2025/timetable/detail/s67ab0c24efae6
2025/07/22 15:00:00,2025/07/22 16:00:00,レギュラーセッション(60分),「YEBIS 4 いよいよリリース！光学エフェクトの進化と便利な最新機能」,シリコンスタジオ株式会社 川瀬 正樹,エンジニアリング(ENG),ビジュアルアーツ(VA),,,1:中辛(この分野の初心者へ),"現地講演
ASK the Speaker
アーカイブ可
ComingSoonで表示",https://cedec.cesa.or.jp/2025/timetable/detail/s681aee37d70fe
2025/07/23 9:30:00,2025/07/23 10:30:00,レギュラーセッション(60分),ヘブンバーンズレッドにおける、世界観を活かしたミニゲーム企画の作り方,株式会社WFS 菊岡　大夢,ゲームデザイン(GD),カテゴリなし,モバイル,"GaaS
UX",0:甘口(学生含めどなたでも),"現地講演
ASK the Speaker
ローカライズ可
アーカイブ可",https://cedec.cesa.or.jp/2025/timetable/detail/s67b21ace7ed6d
2025/07/23 17:40:00,2025/07/23 19:00:00,CEDEC AWARDS,CEDEC AWARDS 2025 発表授賞式,一般社団法人コンピュータエンターテインメント協会 CEDEC運営委員会,カテゴリなし,,,,0:甘口(学生含めどなたでも),現地講演,https://cedec.cesa.or.jp/2025/timetable/detail/s6835b21391f06
2025/07/23 16:20:00,2025/07/23 17:20:00,レギュラーセッション(60分),リアルタイム分析とデータマネジメントを両立する分析基盤の設計と実践,"シンキングデータ株式会社 吉田俊太
シンキングデータ株式会社 邱 兆鋒",エンジニアリング(ENG),カテゴリなし,モバイル,,2:辛口(ある程度の経験がある人へ),"現地講演
ComingSoonで表示",https://cedec.cesa.or.jp/2025/timetable/detail/s681af7e2578f8
2025/07/22 13:40:00,2025/07/22 14:40:00,レギュラーセッション(60分),【講演】においを手軽に制御するTensor Valveテクノロジー ~嗅覚にアプローチした新たな価値の創出~,ソニー株式会社 木村 圭佑,学術研究(AC),カテゴリなし,,,0:甘口(学生含めどなたでも),現地講演,https://cedec.cesa.or.jp/2025/timetable/detail/s67e2b99a4c2c7
2025/07/23 9:30:00,2025/07/23 10:30:00,レギュラーセッション(60分),ハンターたちを繋ぐ『モンスターハンターワイルズ』ネットワーク革命,"株式会社カプコン(CAPCOM CO., LTD.) 西谷宜記
株式会社カプコン(CAPCOM CO., LTD.) 筑紫 啓雄
株式会社カプコン(CAPCOM CO., LTD.) 松戸 信悟",エンジニアリング(ENG),プロダクション(PRD),"コンシューマ
PC","QA
サーバー
自動テスト",0:甘口(学生含めどなたでも),"現地講演
ASK the Speaker",https://cedec.cesa.or.jp/2025/timetable/detail/s67af2b6ceac87
2025/07/24 18:00:00,2025/07/24 18:25:00,ショートセッション(25分),ヒューリスティック評価を用いたゲームQA実践事例,株式会社WFS 山本　幸寛,プロダクション(PRD),ゲームデザイン(GD),モバイル,"QA
UX
ゲームユーザーリサーチ",0:甘口(学生含めどなたでも),"現地講演
ASK the Speaker",https://cedec.cesa.or.jp/2025/timetable/detail/s67af0502a7055
2025/07/24 18:00:00,2025/07/24 19:00:00,レギュラーセッション(60分),『ストリートファイター6』プレイヤーを模したAIとの対戦から、楽しみながら成長できる体験のしくみ,株式会社カプコン 安原 直宏,ゲームデザイン(GD),エンジニアリング(ENG),,"AI/ML
UX
コンバットデザイン",1:中辛(この分野の初心者へ),"現地講演
ASK the Speaker
ローカライズ可
アーカイブ可",https://cedec.cesa.or.jp/2025/timetable/detail/s67a0541ebb2d1
2025/07/24 11:40:00,2025/07/24 12:05:00,ショートセッション(25分),感情分析AIによるゲーム制作におけるプリビズの進化への提示,"株式会社ジール 佐藤 颯
株式会社ジール 川合 雅寛",ビジネス&プロデュース(BP),プロダクション(PRD),,,0:甘口(学生含めどなたでも),"現地講演
ASK the Speaker
ローカライズ可
アーカイブ可
ComingSoonで表示",https://cedec.cesa.or.jp/2025/timetable/detail/s681af1f456e5c
2025/07/24 15:00:00,2025/07/24 15:25:00,ショートセッション(25分),使いやすい操作で自然な揺れもの表現を実現！ Silicon Studio Bone Dynamics,"シリコンスタジオ株式会社 神鳥 泰章
シリコンスタジオ株式会社 曹 梓源",エンジニアリング(ENG),カテゴリなし,,,0:甘口(学生含めどなたでも),"現地講演
ASK the Speaker
ローカライズ可
アーカイブ可",https://cedec.cesa.or.jp/2025/timetable/detail/s681aee860c343
2025/07/24 11:40:00,2025/07/24 12:05:00,ショートセッション(25分),Unityでの複数プロジェクト並行開発におけるパッケージ管理と開発手法,株式会社ラセングル 張 永儒,エンジニアリング(ENG),プロダクション(PRD),,,0:甘口(学生含めどなたでも),"現地講演
ローカライズ可
アーカイブ可",https://cedec.cesa.or.jp/2025/timetable/detail/s67b1e9db256a5
2025/07/22 11:10:00,2025/07/22 11:35:00,ショートセッション(25分),LLMを活用したゲーム開発支援の実践：Tencent Cloudのゲーム開発のLLMソリューションの導入と運用,Tencent Japan合同会社 梁　梓龍,エンジニアリング(ENG),プロダクション(PRD),,,2:辛口(ある程度の経験がある人へ),"現地講演
ComingSoonで表示",https://cedec.cesa.or.jp/2025/timetable/detail/s681aeb132c02a
2025/07/24 11:10:00,2025/07/24 11:35:00,ショートセッション(25分),Google Cloudの生成AIソリューションのご紹介　ゲーム内でのLLM実装パターンを添えて,"グーグル・クラウド・ジャパン合同会社 村上 大河
グーグル・クラウド・ジャパン合同会社 片岡 義雅",エンジニアリング(ENG),カテゴリなし,,,0:甘口(学生含めどなたでも),"現地講演
ASK the Speaker
ComingSoonで表示",https://cedec.cesa.or.jp/2025/timetable/detail/s681af037cc3d3
2025/07/23 16:20:00,2025/07/23 17:20:00,レギュラーセッション(60分),Sonic Rumbleのグローバルなマルチプレイ対戦サービスの裏側 〜Unity/Agones/AWS/EKSを用いてシンプルで疲労の少ない開発・運用を目指す〜,"株式会社セガ 松崎大
株式会社セガ 穂園智哉
アマゾンウェブサービスジャパン合同会社 西坂 信哉",エンジニアリング(ENG),カテゴリなし,,"GaaS
サーバー",2:辛口(ある程度の経験がある人へ),"現地講演
ASK the Speaker
ローカライズ可
アーカイブ可
ComingSoonで表示",https://cedec.cesa.or.jp/2025/timetable/detail/s67a473fd79c0d
,,インタラクティブセッション,Tactus ”Echoes in the Flow”,個人 仲田 梨緒,学術研究(AC),カテゴリなし,,UI,0:甘口(学生含めどなたでも),"配信なし
現地講演
ローカライズ可
アーカイブ可",https://cedec.cesa.or.jp/2025/timetable/detail/s67e2bad2c72e6
2025/07/22 16:40:00,2025/07/22 17:40:00,レギュラーセッション(60分),『モンスターハンターワイルズ』のコアシステムを共通化！活躍を広げ続けるそのシステムとは,株式会社カプコン 酒谷 佑一,エンジニアリング(ENG),カテゴリなし,"コンシューマ
PC",,1:中辛(この分野の初心者へ),"現地講演
ASK the Speaker
ローカライズ可",https://cedec.cesa.or.jp/2025/timetable/detail/s67af234e0fa71
2025/07/24 17:10:00,2025/07/24 17:35:00,ショートセッション(25分),ライブゲームという新しい遊びの作り方 〜スラポンコロシアム開発事例から学ぶ配信者・視聴者一体型ゲーム開発〜,株式会社ミラティブ 井本 大登,エンジニアリング(ENG),カテゴリなし,モバイル,,1:中辛(この分野の初心者へ),"現地講演
ASK the Speaker
ローカライズ可
アーカイブ可
ComingSoonで表示",https://cedec.cesa.or.jp/2025/timetable/detail/s681aef035c05a
2025/07/23 13:20:00,2025/07/23 14:20:00,レギュラーセッション(60分),「魔法少女まどか☆マギカ Magia Exedra」のグローバル展開を支える、開発チームと翻訳チームの「意識しない協創」を実現するローカライズシステム,"株式会社WFS 原田 大志
株式会社WFS 篠原 功",プロダクション(PRD),エンジニアリング(ENG),モバイル,"QA
ローカライズ",1:中辛(この分野の初心者へ),現地講演,https://cedec.cesa.or.jp/2025/timetable/detail/s67af0e71ed4e6
2025/07/22 15:00:00,2025/07/22 16:00:00,レギュラーセッション(60分),リアルタイムオーディオ処理による音量制御 — 美味しい海苔(波形)の作り方 —,株式会社Prismaton 木幡 周治,サウンド(SND),カテゴリなし,,,2:辛口(ある程度の経験がある人へ),"現地講演
ASK the Speaker
ローカライズ可
アーカイブ可",https://cedec.cesa.or.jp/2025/timetable/detail/s679986494d74c
2025/07/23 9:30:00,2025/07/23 10:30:00,レギュラーセッション(60分),The pivot to graphics ML:Case study in ML-Based Productization／グラフィクスML（機械学習）戦略：MLベースの製品化に関するケーススタディ,日本AMD株式会社 ラクロア・ジェイソン,エンジニアリング(ENG),カテゴリなし,"コンシューマ
PC
アーケード",AI/ML,2:辛口(ある程度の経験がある人へ),"同時通訳
現地講演
ASK the Speaker
ローカライズ可
アーカイブ可
ComingSoonで表示",https://cedec.cesa.or.jp/2025/timetable/detail/s67fce5c8a7327
2025/07/22 11:10:00,2025/07/22 12:10:00,ワークショップ,AI音声感情解析で変わる3Dキャラクターの表情制作　〜 サンプルビューワーで大幅な工数削減を体感しよう 〜,株式会社シーエーシー 中村 星斗,プロダクション(PRD),エンジニアリング(ENG),,,0:甘口(学生含めどなたでも),"現地講演
ASK the Speaker
ローカライズ可
アーカイブ可
ComingSoonで表示",https://cedec.cesa.or.jp/2025/timetable/detail/s681ae8f098cbe
2025/07/22 18:00:00,2025/07/22 19:00:00,レギュラーセッション(60分),自然言語処理「ローカル」AIを利用したツール開発手法〜身近で安心、ローカルAIの導入と応用,"株式会社セガ 林 洋人
株式会社セガ 岳 鳴涛",エンジニアリング(ENG),プロダクション(PRD),,"AI/ML
ローカライズ",1:中辛(この分野の初心者へ),"現地講演
ASK the Speaker
ローカライズ可
アーカイブ可",https://cedec.cesa.or.jp/2025/timetable/detail/s67a4a6c117031
2025/07/22 11:10:00,2025/07/22 12:10:00,レギュラーセッション(60分),Pok?mon TCG Pocketの品質をシフトレフトで守る！自動モンキーテストによる早期バグ発見と品質向上,"株式会社ディー・エヌ・エー 飯島 慧
株式会社ディー・エヌ・エー 四十坊 純也
株式会社ディー・エヌ・エー 今井 敬吾",エンジニアリング(ENG),プロダクション(PRD),,"CI/CD
QA
自動テスト",1:中辛(この分野の初心者へ),"現地講演
ASK the Speaker
ComingSoonで表示",https://cedec.cesa.or.jp/2025/timetable/detail/s67ac730058d26
2025/07/23 14:40:00,2025/07/23 15:40:00,レギュラーセッション(60分),長期運営ゲームをあと10年続けるための、0から始める自動テスト  ~4000項目を50%自動化し、月1→毎日実行にした3年間~,"株式会社アカツキゲームス 田原　遥美
株式会社アカツキゲームス 小山 竜之介",プロダクション(PRD),エンジニアリング(ENG),,"GaaS
QA
自動テスト",1:中辛(この分野の初心者へ),"事前収録
ASK the Speaker
ローカライズ可
アーカイブ可",https://cedec.cesa.or.jp/2025/timetable/detail/s67a489537b31a
2025/07/23 10:50:00,2025/07/23 11:50:00,レギュラーセッション(60分),全世界ユーザーのDL体験向上を目指して！マルチCDNの仕組みと統一的な評価手法,"KLab株式会社 山口　大祐
KLab株式会社 赤岡　武",エンジニアリング(ENG),プロダクション(PRD),"コンシューマ
モバイル
PC","QA
UX
サーバー",1:中辛(この分野の初心者へ),"現地講演
ASK the Speaker
ローカライズ可
アーカイブ可",https://cedec.cesa.or.jp/2025/timetable/detail/s67af25472744d
2025/07/23 16:20:00,2025/07/23 17:20:00,レギュラーセッション(60分),次世代を担うテクニカルアーティストに聞く 〜パイプラインにおけるMaya活用術〜,"オートデスク株式会社 渡辺 揮之
プラチナゲームズ株式会社 下島 優将
株式会社クリーク?アンド?リバー社 田口 智明",プロダクション(PRD),ビジュアルアーツ(VA),,,0:甘口(学生含めどなたでも),"現地講演
ASK the Speaker
ローカライズ可
アーカイブ可
ComingSoonで表示",https://cedec.cesa.or.jp/2025/timetable/detail/s681ae5b422022
2025/07/24 18:00:00,2025/07/24 19:00:00,レギュラーセッション(60分),『ANISAMA V神 2024』を支えた技術 - リアルライブの再現とARシステムの音楽ライブ -,"バルス株式会社 溝口 健
バルス株式会社 伊藤雄二朗",ビジュアルアーツ(VA),エンジニアリング(ENG),,レンダリング,1:中辛(この分野の初心者へ),"現地講演
ASK the Speaker",https://cedec.cesa.or.jp/2025/timetable/detail/s67a466ce6bcbf
2025/07/23 10:50:00,2025/07/23 11:50:00,レギュラーセッション(60分),柔軟な仮想ジオメトリを活用したグラフィックス性能の最大化,Virtuos アレクシス・ヴァイス,エンジニアリング(ENG),ビジュアルアーツ(VA),,,1:中辛(この分野の初心者へ),"逐次通訳
現地講演
ComingSoonで表示",https://cedec.cesa.or.jp/2025/timetable/detail/s681ae9d1e50f5
2025/07/24 16:40:00,2025/07/24 17:05:00,ショートセッション(25分),ChatGPT×ゲームで生まれる新時代のインタラクション──『ドキドキAI尋問ゲーム』から学ぶ、生成AIを活用したビジネス＆ゲームデザイン,株式会社もしもボックス 山田 裕希,ゲームデザイン(GD),ビジネス&プロデュース(BP),,"AI/ML
UX
ストーリーテリング",0:甘口(学生含めどなたでも),"現地講演
ASK the Speaker
ローカライズ可
アーカイブ可",https://cedec.cesa.or.jp/2025/timetable/detail/s677ba13fd4d4c
2025/07/23 13:20:00,2025/07/23 14:20:00,レギュラーセッション(60分),群像劇アドベンチャーゲームの可能性とその本質とは,"株式会社ストーリーテリング イシイ ジロウ
株式会社ジンテーゼ 北島 行徳",ゲームデザイン(GD),カテゴリなし,,ストーリーテリング,0:甘口(学生含めどなたでも),"現地講演
ASK the Speaker
ローカライズ可
アーカイブ可
ComingSoonで表示",https://cedec.cesa.or.jp/2025/timetable/detail/s67e2b18f99311
2025/07/22 15:00:00,2025/07/22 16:00:00,レギュラーセッション(60分),Unreal Insightsを使用したパフォーマンス分析と最適化マスタリー,Epic Games Japan 鍬農 健二郎,エンジニアリング(ENG),カテゴリなし,,,1:中辛(この分野の初心者へ),"現地講演
ローカライズ可
アーカイブ可
ComingSoonで表示",https://cedec.cesa.or.jp/2025/timetable/detail/s681af513594f0
2025/07/24 11:10:00,2025/07/24 11:35:00,ショートセッション(25分),Prefab Variantsで実現するパーティクルシステムの効率的な管理と最適化,株式会社ラセングル ウィラタマナ,エンジニアリング(ENG),プロダクション(PRD),"モバイル
PC",レンダリング,0:甘口(学生含めどなたでも),"現地講演
ローカライズ可
アーカイブ可",https://cedec.cesa.or.jp/2025/timetable/detail/s67af4cd0a0301
2025/07/22 13:40:00,2025/07/22 14:40:00,レギュラーセッション(60分),AWSで勝てるゲームを作る！オブザーバビリティとクラウドの実践術,"New Relic株式会社 大川　嘉一
アマゾンウェブサービスジャパン合同会社 梅津　寛子",エンジニアリング(ENG),カテゴリなし,,,0:甘口(学生含めどなたでも),"現地講演
ComingSoonで表示",https://cedec.cesa.or.jp/2025/timetable/detail/s681af83f164f3
2025/07/24 13:40:00,2025/07/24 14:40:00,レギュラーセッション(60分),AIエンジニアを雇えない小規模スタジオでも戦える！ゲーム開発AI活用戦略と事例,株式会社ブラストエッジゲームズ 清水佑輔,プロダクション(PRD),ゲームデザイン(GD),,AI/ML,1:中辛(この分野の初心者へ),"現地講演
ローカライズ可
アーカイブ可",https://cedec.cesa.or.jp/2025/timetable/detail/s67af486b2fa31
2025/07/22 15:30:00,2025/07/22 15:55:00,ショートセッション(25分),統計値から見るゲームプロデューサーへの最速キャリアパス,"ランウェイ・エージェンシー株式会社 冨安 俊範
ランウェイ・エージェンシー株式会社 長井馨",ビジネス&プロデュース(BP),カテゴリなし,,,0:甘口(学生含めどなたでも),"現地講演
ASK the Speaker
ローカライズ可
アーカイブ可",https://cedec.cesa.or.jp/2025/timetable/detail/s67a4b453548fb
2025/07/24 18:00:00,2025/07/24 19:00:00,レギュラーセッション(60分),年間13本の技術講演を実施！自社で取り組む技術発信活性化の秘訣について,"株式会社サイバーコネクトツー 入部 春彦
株式会社サイバーコネクトツー 白水 寛太",ビジネス&プロデュース(BP),プロダクション(PRD),,,0:甘口(学生含めどなたでも),"現地講演
ASK the Speaker
ローカライズ可
アーカイブ可",https://cedec.cesa.or.jp/2025/timetable/detail/s679c8617518b0
2025/07/22 18:00:00,2025/07/22 19:00:00,レギュラーセッション(60分),"モンスターハンターワイルズのVFXを支える 風流体・物理挙動・熱伝搬等を統合した GPUジオメトリエコシステム ""VORTEXEL""",株式会社カプコン 米山 哲平,エンジニアリング(ENG),ビジュアルアーツ(VA),,"TA
レンダリング",1:中辛(この分野の初心者へ),"現地講演
ASK the Speaker",https://cedec.cesa.or.jp/2025/timetable/detail/s67adaae48f97d
2025/07/24 18:00:00,2025/07/24 19:00:00,レギュラーセッション(60分),PERACON 2025 結果発表&感想戦,"株式会社スクウェア・エニックス 時田貴司
ユニティ・テクノロジーズ・ジャパン株式会社 ?�P 洋平
株式会社バンダイナムコスタジオ 安樂清禎
株式会社ディンプス 平松早紀",ゲームデザイン(GD),カテゴリなし,,,0:甘口(学生含めどなたでも),"現地講演
ComingSoonで表示",https://cedec.cesa.or.jp/2025/timetable/detail/s67e2c3c5c87e5
2025/07/24 15:00:00,2025/07/24 15:25:00,ショートセッション(25分),Akamai Cloudで進化するゲームインフラ：エッジネットワーク × GPU × K8s 〜AI推論と高速配信を両立するクラウド設計と導入ポイント〜,アカマイ・テクノロジーズ合同会社 森　祐孝,エンジニアリング(ENG),カテゴリなし,,,0:甘口(学生含めどなたでも),"現地講演
ASK the Speaker
ローカライズ可
アーカイブ可
ComingSoonで表示",https://cedec.cesa.or.jp/2025/timetable/detail/s681ae71f5ff1f
2025/07/24 15:00:00,2025/07/24 16:00:00,レギュラーセッション(60分),ブランド力アップのためのコンテンツマーケティング〜ゲーム会社における情報資産の活かし方〜,株式会社Cygames 鷲山 智穂,ビジネス&プロデュース(BP),カテゴリなし,,,0:甘口(学生含めどなたでも),"現地講演
ASK the Speaker",https://cedec.cesa.or.jp/2025/timetable/detail/s67af09ac022ed
2025/07/24 18:00:00,2025/07/24 19:00:00,レギュラーセッション(60分),FINAL FANTASY VII EVER CRISIS のマルチプレイを支えるバックエンド技術と仕組み,株式会社アプリボット 美濃 爽太,エンジニアリング(ENG),カテゴリなし,,,1:中辛(この分野の初心者へ),"現地講演
ASK the Speaker
ローカライズ可
アーカイブ可
ComingSoonで表示",https://cedec.cesa.or.jp/2025/timetable/detail/s682bc83636027
2025/07/24 18:30:00,2025/07/24 18:55:00,ショートセッション(25分),運用6年目のタイトルの挑戦！音ゲーアプリだけにAuroraからTiDBへ「テンポよく」移行！！,株式会社オルトプラス 浦谷 和茂,エンジニアリング(ENG),カテゴリなし,モバイル,"GaaS
サーバー",1:中辛(この分野の初心者へ),現地講演,https://cedec.cesa.or.jp/2025/timetable/detail/s67ad567d3e34b
2025/07/23 14:40:00,2025/07/23 15:40:00,チュートリアル,中級グラフィックス入門 〜メッシュシェーダを用いた効率的なメッシュレット描画〜,プラチナゲームズ株式会社 石橋　佳明,エンジニアリング(ENG),ビジュアルアーツ(VA),"コンシューマ
PC",レンダリング,2:辛口(ある程度の経験がある人へ),"現地講演
ローカライズ可
アーカイブ可",https://cedec.cesa.or.jp/2025/timetable/detail/s67946618815da
2025/07/24 16:40:00,2025/07/24 17:40:00,レギュラーセッション(60分),スマホゲームマーケの『嘘』2025　プロデューサー、ディレクター必見、ゲームマーケの新常識,株式会社サイバーエージェント　 家門 真明,ビジネス&プロデュース(BP),カテゴリなし,モバイル,,0:甘口(学生含めどなたでも),"現地講演
ASK the Speaker
ローカライズ可
アーカイブ可
ComingSoonで表示",https://cedec.cesa.or.jp/2025/timetable/detail/s682bc8ad0fa28
2025/07/24 18:00:00,2025/07/24 19:00:00,レギュラーセッション(60分),『モンスターハンターワイルズ』のモンスターにおける筋肉シミュレーションと機械学習を用いたキャラクターセットアップ,"株式会社カプコン 諸星 岬
株式会社カプコン 水谷 朔也",ビジュアルアーツ(VA),カテゴリなし,"コンシューマ
PC","AI/ML
TA
アニメーション（3D）",1:中辛(この分野の初心者へ),現地講演,https://cedec.cesa.or.jp/2025/timetable/detail/s67ac5ed9d3a0f
2025/07/24 16:40:00,2025/07/24 17:40:00,レギュラーセッション(60分),モンスターハンターワイルズにおけるモンスターのプロシージャルな姿勢補正,"株式会社カプコン 内山　創一
株式会社カプコン 柳生　大輔",エンジニアリング(ENG),カテゴリなし,"コンシューマ
PC",アニメーション（3D）,2:辛口(ある程度の経験がある人へ),"現地講演
ASK the Speaker",https://cedec.cesa.or.jp/2025/timetable/detail/s67ad91775bcd8
2025/07/24 13:40:00,2025/07/24 14:40:00,レギュラーセッション(60分),世界で戦うためのグロースマーケティング　〜ゲーム開発とマーケは、融合して成長する〜,合同会社彼方此方 村上　雅哉,ビジネス&プロデュース(BP),プロダクション(PRD),,"QA
ゲームユーザーリサーチ",0:甘口(学生含めどなたでも),"現地講演
ローカライズ可
アーカイブ可",https://cedec.cesa.or.jp/2025/timetable/detail/s67b1c894e8b95
2025/07/22 13:40:00,2025/07/22 14:40:00,レギュラーセッション(60分),ゲーム開発が快適に！Perforceの新機能で“待たない作業環境”へ,株式会社東陽テクニカ 今 友樹,エンジニアリング(ENG),プロダクション(PRD),"コンシューマ
モバイル
PC",,0:甘口(学生含めどなたでも),"現地講演
ローカライズ可
アーカイブ可
ComingSoonで表示",https://cedec.cesa.or.jp/2025/timetable/detail/s681ae95f20530
2025/07/24 11:10:00,2025/07/24 12:10:00,レギュラーセッション(60分),国内ゲーム実況ライブ配信統計データの見方,配信技研 中村 鮎葉,ビジネス&プロデュース(BP),カテゴリなし,,,0:甘口(学生含めどなたでも),"現地講演
ASK the Speaker",https://cedec.cesa.or.jp/2025/timetable/detail/s67b0f1e0694e3
2025/07/22 13:40:00,2025/07/22 14:40:00,レギュラーセッション(60分),LLM翻訳ツールの開発と海外のお客様対応等への社内導入事例,"株式会社WFS 郡司　匡弘
株式会社WFS 松井望
株式会社WFS 小野幸人",ビジネス&プロデュース(BP),"エンジニアリング(ENG)
プロダクション(PRD)",,"AI/ML
QA
ローカライズ",2:辛口(ある程度の経験がある人へ),"現地講演
ASK the Speaker
ローカライズ可
アーカイブ可",https://cedec.cesa.or.jp/2025/timetable/detail/s679739fb9f530
2025/07/24 15:00:00,2025/07/24 16:00:00,レギュラーセッション(60分),触って楽しい！『アストロボット』の物理シミュレーションとグラフィックスの舞台裏,"株式会社ソニー・インタラクティブエンタテインメント 吉田 匠
株式会社ソニー・インタラクティブエンタテインメント 山口 太",エンジニアリング(ENG),カテゴリなし,,"アニメーション（3D）
レンダリング",1:中辛(この分野の初心者へ),"現地講演
ASK the Speaker
ローカライズ可
アーカイブ可",https://cedec.cesa.or.jp/2025/timetable/detail/s67e2ae6a47782
2025/07/23 16:50:00,2025/07/23 17:15:00,ショートセッション(25分),〜AlibabaCloud ではじめるアジア進出〜 AlibabaCloud 最先端生成 AI 機能とクラウドネイティブデータベースの融合によるゲーム開発効率化,アリババクラウド・ジャパンサービス株式会社 泉 浩宣,エンジニアリング(ENG),カテゴリなし,,,1:中辛(この分野の初心者へ),"現地講演
ASK the Speaker
ローカライズ可
ComingSoonで表示",https://cedec.cesa.or.jp/2025/timetable/detail/s681ae8482052b
2025/07/24 13:40:00,2025/07/24 14:40:00,レギュラーセッション(60分),AAAタイトルを支えるカプコン共通基盤 〜TiDBによるスケーラブルな無停止基盤のつくりかた〜,"株式会社カプコン 福井 勝貴
PingCAP株式会社 林 正記",エンジニアリング(ENG),カテゴリなし,コンシューマ,,1:中辛(この分野の初心者へ),"現地講演
ASK the Speaker
ローカライズ可
アーカイブ可",https://cedec.cesa.or.jp/2025/timetable/detail/s681aefc636cc9
2025/07/22 11:10:00,2025/07/22 12:10:00,レギュラーセッション(60分),分かる、分かるぞ・・・！ 他のゲームエンジン経験者のためのUnreal Engine 入門ワークショップ,Epic Games Japan 湊　和久,エンジニアリング(ENG),ゲームデザイン(GD),,,0:甘口(学生含めどなたでも),"現地講演
ASK the Speaker
ローカライズ可
アーカイブ可
ComingSoonで表示",https://cedec.cesa.or.jp/2025/timetable/detail/s681af4b2e59e1
2025/07/23 13:20:00,2025/07/23 14:20:00,レギュラーセッション(60分),Adaptive Music in Star Wars: Outlaws／スター・ウォーズ アウトローズにおけるアダプティブミュージック,"RogetMusic, LLC ウィルバート・ロジェ II ",サウンド(SND),カテゴリなし,"コンシューマ
PC",,1:中辛(この分野の初心者へ),"現地講演
ASK the Speaker
ローカライズ可
アーカイブ可",https://cedec.cesa.or.jp/2025/timetable/detail/s67b2824a3d79d
2025/07/22 18:00:00,2025/07/22 19:00:00,レギュラーセッション(60分),クレール・オブスキュール：エクスペディション33 — 4人からなる少人数精鋭のプログラマチームとUE5による幅広い制作を支える技術的選択と課題 —,"Epic Games Japan Axel Riffard
Sandfall Interactive Guillaume Broche
Sandfall Interactive Tom Guillermin",エンジニアリング(ENG),プロダクション(PRD),"コンシューマ
PC",,1:中辛(この分野の初心者へ),"現地講演
ローカライズ可
アーカイブ可
ComingSoonで表示",https://cedec.cesa.or.jp/2025/timetable/detail/s681af54d73329
2025/07/24 13:40:00,2025/07/24 14:40:00,レギュラーセッション(60分),【主催者特別企画】優秀な人材を業界に呼び込む為に！ 次世代育成を支援する取り組み,"一般社団法人 コンピュータエンターテインメント協会 土田 善紀
株式会社バンダイナムコスタジオ 平野 響子
株式会社サイバーコネクトツー 西川 幸恵",カテゴリなし,,,,0:甘口(学生含めどなたでも),"現地講演
ASK the Speaker
ローカライズ可
アーカイブ可
ComingSoonで表示",https://cedec.cesa.or.jp/2025/timetable/detail/s6825542a61bfd
2025/07/23 13:20:00,2025/07/23 14:20:00,レギュラーセッション(60分),制限こそが武器になる『都市伝説解体センター』の創り方,"株式会社集英社ゲームズ 林 真理
墓場文庫 ハフハフ・おでーん
墓場文庫 MOCHIKIN
墓場文庫 きっきゃわー
墓場文庫 あだP",ビジネス&プロデュース(BP),プロダクション(PRD),,,0:甘口(学生含めどなたでも),"現地講演
ASK the Speaker
ローカライズ可
アーカイブ可
ComingSoonで表示",https://cedec.cesa.or.jp/2025/timetable/detail/s681ae399da264
2025/07/22 18:30:00,2025/07/22 18:55:00,ショートセッション(25分),社内インディー攻略法！VRゲームが中ヒットにいたるまでの道のり,MyDearest株式会社 渋谷 宣亮,ゲームデザイン(GD),ビジネス&プロデュース(BP),,,0:甘口(学生含めどなたでも),"現地講演
ASK the Speaker
ローカライズ可
アーカイブ可",https://cedec.cesa.or.jp/2025/timetable/detail/s67a9fe78ac725
2025/07/24 15:30:00,2025/07/24 15:55:00,ショートセッション(25分),AIローカライズ：コロプラ『神魔狩りのツクヨミ』の多言語化を支えたWOVN.games,"Wovn Technologies株式会社 藤村 弘也
株式会社コロプラ 齋藤 ケビン 雄輔
Wovn Technologies株式会社 田所 洋",プロダクション(PRD),ビジネス&プロデュース(BP),"コンシューマ
モバイル
PC",,2:辛口(ある程度の経験がある人へ),"現地講演
ASK the Speaker
ローカライズ可
アーカイブ可",https://cedec.cesa.or.jp/2025/timetable/detail/s681af6f9dbe26
2025/07/23 10:50:00,2025/07/23 11:50:00,レギュラーセッション(60分),UXを損なわないアクセシビリティサウンドデザイン,日本大学 川上 央,サウンド(SND),カテゴリなし,,UX,1:中辛(この分野の初心者へ),"現地講演
ローカライズ可
アーカイブ可",https://cedec.cesa.or.jp/2025/timetable/detail/s67e2c2579d747
2025/07/23 16:20:00,2025/07/23 16:45:00,ショートセッション(25分),Pok?mon TCG Pocketにおける運営型タイトルの多言語対応ワークフロー,"株式会社ディー・エヌ・エー 古川 陽
株式会社ディー・エヌ・エー 中谷 和希",プロダクション(PRD),エンジニアリング(ENG),モバイル,"GaaS
QA
ローカライズ",0:甘口(学生含めどなたでも),"現地講演
ASK the Speaker",https://cedec.cesa.or.jp/2025/timetable/detail/s67aecbe5ef74a
,,インタラクティブセッション,じゃんけんx鬼ごっこ 2 vs 2 対戦3Dビデオゲーム「Hand Heads」を用いた体験から逆算してゲームデザインを学ぶ教育プログラム,"東京工芸大学 中村 隆之
東京工芸大学 山根 雄飛",学術研究(AC),ゲームデザイン(GD),,UX,2:辛口(ある程度の経験がある人へ),"配信なし
現地講演",https://cedec.cesa.or.jp/2025/timetable/detail/s67a59b3ba6bf7
2025/07/24 11:10:00,2025/07/24 12:10:00,レギュラーセッション(60分),モバイルゲームで自動テストが効果を発揮するまで ~自動テストを「運用」するまでの組織のアプローチ~,"株式会社 QualiArts 住田 直樹
株式会社 QualiArts 田中 広海",プロダクション(PRD),エンジニアリング(ENG),モバイル,"GaaS
QA
自動テスト",0:甘口(学生含めどなたでも),現地講演,https://cedec.cesa.or.jp/2025/timetable/detail/s67a303bc65ad8
2025/07/22 13:40:00,2025/07/22 14:40:00,レギュラーセッション(60分),モンスターハンターワイルズにおけるフィールド描画システムの実装と制作ツールについて,"株式会社カプコン 鈴木 宏
株式会社カプコン 迫屋 正和
株式会社カプコン 宮脇 透",エンジニアリング(ENG),プロダクション(PRD),,"レベルデザイン
レンダリング",2:辛口(ある程度の経験がある人へ),"現地講演
ASK the Speaker",https://cedec.cesa.or.jp/2025/timetable/detail/s67adbbaac8a9e
2025/07/23 10:00:00,2025/07/23 10:25:00,ショートセッション(25分),ゲームにおけるチート、海賊版対策の必要性　〜Windows PCゲームでの対策を考える〜,株式会社DNPハイパーテック 大和 寛史,エンジニアリング(ENG),カテゴリなし,,,0:甘口(学生含めどなたでも),事前収録,https://cedec.cesa.or.jp/2025/timetable/detail/s681ae64a10b8b
2025/07/24 17:10:00,2025/07/24 17:35:00,ショートセッション(25分),人とAIが紡ぐ無限の冒険物語！「言霊の迷宮」が生成AIならではのゲーム体験を創るカラクリ,"モリカトロン株式会社 高橋 力斗
モリカトロン株式会社 早瀬 悠真",ゲームデザイン(GD),エンジニアリング(ENG),,"AI/ML
UX",0:甘口(学生含めどなたでも),"現地講演
ASK the Speaker
ローカライズ可
アーカイブ可",https://cedec.cesa.or.jp/2025/timetable/detail/s67ac5220a8473
2025/07/22 15:00:00,2025/07/22 16:00:00,レギュラーセッション(60分),「モンスターハンターワイルズ」のメッシュレットの描画パイプライン,株式会社カプコン 三嶋 仁,エンジニアリング(ENG),カテゴリなし,"コンシューマ
PC",レンダリング,2:辛口(ある程度の経験がある人へ),"現地講演
ASK the Speaker",https://cedec.cesa.or.jp/2025/timetable/detail/s67ad88bd2d5b0
2025/07/22 18:00:00,2025/07/22 19:00:00,レギュラーセッション(60分),ゲーム開発資料保存と活用の広がり - 著作権など法的問題から展示会開催のプロセスまで -,"株式会社スクウェア・エニックス 三宅 陽一郎
立命館大学 / 一般社団法人ゲーム展示協会 / 独立行政法人国立美術館 尾鼻　崇
松田特許事務所 / ゲーム寄贈協会 / ゲームギフト図書館 松田 真",ビジネス&プロデュース(BP),学術研究(AC),"コンシューマ
モバイル
PC
アーケード",,0:甘口(学生含めどなたでも),"現地講演
ASK the Speaker
ローカライズ可
アーカイブ可",https://cedec.cesa.or.jp/2025/timetable/detail/s67a57c6d561f0
2025/07/24 15:00:00,2025/07/24 16:00:00,レギュラーセッション(60分),『モンスターハンターワイルズ』を快適な動作に導く！パフォーマンス調整の全て,"株式会社カプコン 伊藤 佑一
株式会社カプコン 中村 敬則",エンジニアリング(ENG),カテゴリなし,"コンシューマ
PC","QA
レンダリング",1:中辛(この分野の初心者へ),現地講演,https://cedec.cesa.or.jp/2025/timetable/detail/s67ad32469773b
,,インタラクティブセッション,首掛け型ウェアラブルデバイスで変わるトレーディングカードゲーム配信：実例から見る運用・課題・対策・展望,Fairy Devices株式会社 関 喜史,ビジネス&プロデュース(BP),エンジニアリング(ENG),,,0:甘口(学生含めどなたでも),"配信なし
現地講演
ASK the Speaker
ローカライズ可
アーカイブ可",https://cedec.cesa.or.jp/2025/timetable/detail/s67b22d09a1799
2025/07/23 9:30:00,2025/07/23 10:30:00,レギュラーセッション(60分),UIデザイン組織の思想とそれらに基づいた人員育成施策の設計について,"株式会社カプコン 植田　雅生
株式会社カプコン 高橋　美緒",プロダクション(PRD),ビジュアルアーツ(VA),コンシューマ,UI,2:辛口(ある程度の経験がある人へ),"現地講演
ASK the Speaker",https://cedec.cesa.or.jp/2025/timetable/detail/s67a034e80f4ca
2025/07/22 16:40:00,2025/07/22 17:40:00,レギュラーセッション(60分),Evolution of Game Balancing with Reinforcement Learning in the VLM-LLM Agentic Era／VLM/LLM時代における強化学習によるゲームバランス調整の進歩,Independent エドガー ハンディ,エンジニアリング(ENG),ゲームデザイン(GD),,AI/ML,2:辛口(ある程度の経験がある人へ),"同時通訳
現地講演
ASK the Speaker
ローカライズ可
アーカイブ可
ComingSoonで表示",https://cedec.cesa.or.jp/2025/timetable/detail/s67fce519282e5
2025/07/24 9:30:00,2025/07/24 10:50:00,基調講演,「モンスターハンターシリーズ」　21年の継続と仕掛け,株式会社カプコン 辻?本 良三,カテゴリなし,,,,0:甘口(学生含めどなたでも),"現地講演
ComingSoonで表示",https://cedec.cesa.or.jp/2025/timetable/detail/s6832d0d4c4d4d
2025/07/24 13:40:00,2025/07/24 14:40:00,レギュラーセッション(60分),Gauntlet + Pythonで始める！小〜中規模チームでも作れるUnrealEngineプロジェクトの処理負荷自動計測システムの作成方法,株式会社グラスホッパー・マニファクチュア 中村 慶太,エンジニアリング(ENG),プロダクション(PRD),,"CI/CD
QA
自動テスト",1:中辛(この分野の初心者へ),"現地講演
ローカライズ可
アーカイブ可",https://cedec.cesa.or.jp/2025/timetable/detail/s67a9e1a318647
2025/07/22 11:10:00,2025/07/22 12:10:00,レギュラーセッション(60分),Applied Machine Learning in Voice-Based Moderation Systems／音声ベースのモデレーションシステムにおける機械学習の応用について,"Modulate Inc. テリー・チェン 
株式会社CRI・ミドルウェア 増野　宏之",エンジニアリング(ENG),サウンド(SND),,AI/ML,2:辛口(ある程度の経験がある人へ),現地講演,https://cedec.cesa.or.jp/2025/timetable/detail/s67b28dc3eb357
2025/07/24 11:40:00,2025/07/24 12:05:00,ショートセッション(25分),AIがAIを創る時代  〜自己増殖するエージェント作成手法〜,"グーグル・クラウド・ジャパン合同会社 Wonha Shin
株式会社カプコン 阿部 一樹",エンジニアリング(ENG),カテゴリなし,,,0:甘口(学生含めどなたでも),"現地講演
ComingSoonで表示",https://cedec.cesa.or.jp/2025/timetable/detail/s681af07c700cf
2025/07/23 16:50:00,2025/07/23 17:15:00,ショートセッション(25分),【講演】ぞわぞわを作るための人工生態系序論,株式会社電通 平井 龍之介,学術研究(AC),カテゴリなし,,,1:中辛(この分野の初心者へ),"現地講演
ASK the Speaker
ローカライズ可
アーカイブ可",https://cedec.cesa.or.jp/2025/timetable/detail/s67e2b89b2897b
2025/07/23 10:50:00,2025/07/23 11:50:00,レギュラーセッション(60分),『モンスターハンターワイルズ』の広大なフィールド制作を支えた自動地形テストの開発と導入,"株式会社カプコン 市川 達夢
株式会社カプコン 高本真宏
株式会社カプコン 井本 康宏",プロダクション(PRD),エンジニアリング(ENG),"コンシューマ
PC","AI/ML
QA
自動テスト
レベルデザイン",1:中辛(この分野の初心者へ),現地講演,https://cedec.cesa.or.jp/2025/timetable/detail/s67a1d97d20aea
2025/07/24 16:40:00,2025/07/24 17:40:00,レギュラーセッション(60分),『Rise of the Ronin』〜幕末オープンワールドでTeam NINJAアクションを実現せよ！〜,"株式会社コーエーテクモゲームス 渋谷 隼人
株式会社コーエーテクモゲームス 藤�ｱ 健雄
株式会社コーエーテクモゲームス 嵯峨 隆之",ゲームデザイン(GD),カテゴリなし,,"コンバットデザイン
レベルデザイン",0:甘口(学生含めどなたでも),"現地講演
ASK the Speaker
ローカライズ可
アーカイブ可",https://cedec.cesa.or.jp/2025/timetable/detail/s67fce8945ca19
2025/07/23 10:50:00,2025/07/23 11:50:00,レギュラーセッション(60分),レッドブル、 ゲーミングシーンに翼をさずける 。,株式会社グルーブシンク 松井 悠,ビジネス&プロデュース(BP),カテゴリなし,,,0:甘口(学生含めどなたでも),"現地講演
ASK the Speaker
ローカライズ可
アーカイブ可
ComingSoonで表示",https://cedec.cesa.or.jp/2025/timetable/detail/s682ef2c56e946
2025/07/22 18:00:00,2025/07/22 18:25:00,ショートセッション(25分),『ウマ娘 プリティーダービー』における映像制作のさらなる高品質化へ！ 〜豊富な素材出力と制作フローの改善を実現するツールについて〜,株式会社Cygames 嘉寺 尚也,エンジニアリング(ENG),ビジュアルアーツ(VA),,"TA
レンダリング",0:甘口(学生含めどなたでも),"現地講演
ASK the Speaker",https://cedec.cesa.or.jp/2025/timetable/detail/s67aef079dfc52
2025/07/22 11:10:00,2025/07/22 12:10:00,レギュラーセッション(60分),リアルタイムレイトレーシングを用いたNPRペイント風レンダリング,シリコンスタジオ株式会社 山廣　美奈子,エンジニアリング(ENG),ビジュアルアーツ(VA),PC,レンダリング,2:辛口(ある程度の経験がある人へ),"現地講演
ASK the Speaker
ローカライズ可
アーカイブ可",https://cedec.cesa.or.jp/2025/timetable/detail/s6792ff0814ddd
2025/07/22 15:00:00,2025/07/22 16:00:00,レギュラーセッション(60分),LLMを活用したゲーム開発支援と、生成AIの利活用を進める組織的な取り組み,"株式会社Cygames 金井 大
株式会社Cygames 笠原 達也
株式会社Cygames 都築 圭太",ビジネス&プロデュース(BP),プロダクション(PRD),,"AI/ML
サーバー",1:中辛(この分野の初心者へ),"現地講演
ASK the Speaker",https://cedec.cesa.or.jp/2025/timetable/detail/s67af13628e73e
2025/07/24 13:40:00,2025/07/24 14:40:00,レギュラーセッション(60分),『アストロボット』 テンポ良く遊べる3Dレベルデザイン,株式会社ソニー・インタラクティブエンタテインメント 矢徳 浩章,ゲームデザイン(GD),カテゴリなし,,"コンバットデザイン
レベルデザイン",0:甘口(学生含めどなたでも),"現地講演
ローカライズ可
アーカイブ可",https://cedec.cesa.or.jp/2025/timetable/detail/s67e2aff9bb974
2025/07/24 18:00:00,2025/07/24 19:00:00,レギュラーセッション(60分),最少変更でPC/CS版リリース！モバイル専用タイトルだった『BLEACH Brave Souls』のマルチプラットフォーム事例,"KLab株式会社 常深 健太
KLab株式会社 鈴木 隼平",エンジニアリング(ENG),プロダクション(PRD),"コンシューマ
モバイル
PC","CI/CD
GaaS
QA",1:中辛(この分野の初心者へ),"現地講演
ASK the Speaker",https://cedec.cesa.or.jp/2025/timetable/detail/s67b09c4baca6a
2025/07/24 11:10:00,2025/07/24 12:10:00,レギュラーセッション(60分),HoudiniによるUI作成について,"株式会社バンダイナムコスタジオ 多田 航
株式会社バンダイナムコスタジオ 三品 幸彦",ビジュアルアーツ(VA),エンジニアリング(ENG),"コンシューマ
PC","TA
UI
ローカライズ",0:甘口(学生含めどなたでも),"現地講演
ASK the Speaker
ローカライズ可
アーカイブ可",https://cedec.cesa.or.jp/2025/timetable/detail/s677b5939ecb52
2025/07/24 16:40:00,2025/07/24 17:40:00,チュートリアル,ゲームプログラマのための数学の歩き方 - 連続最適化編,"株式会社スクウェア・エニックス 長谷川 勇
九州大学 前田 航希
九州大学/京都大学 鍛冶 静雄
九州大学 落合 啓之",学術研究(AC),エンジニアリング(ENG),,,1:中辛(この分野の初心者へ),現地講演,https://cedec.cesa.or.jp/2025/timetable/detail/s67b09029b8db5
2025/07/24 18:00:00,2025/07/24 18:25:00,ショートセッション(25分),「魔法少女まどか☆マギカ Magia Exedra」での負荷試験の実践と学び,株式会社WFS 悦田 潤哉,エンジニアリング(ENG),カテゴリなし,モバイル,サーバー,1:中辛(この分野の初心者へ),"現地講演
ASK the Speaker
ローカライズ可
アーカイブ可",https://cedec.cesa.or.jp/2025/timetable/detail/s67aef6bcacad0
,,インタラクティブセッション,【展示】においを?軽に制御するTensor Valve?テクノロジー ~嗅覚にアプローチした新たな価値の創出~,"ソニー株式会社 池田 裕貴
ソニー株式会社 森　有彌",学術研究(AC),カテゴリなし,,,0:甘口(学生含めどなたでも),"配信なし
現地講演
ローカライズ可
アーカイブ可",https://cedec.cesa.or.jp/2025/timetable/detail/s67e2bb61cf2f9
2025/07/23 16:20:00,2025/07/23 16:45:00,ショートセッション(25分),ツールと LLM との付き合い方 〜Playable!Mobile ではこうしてます〜,モリカトロン株式会社 岡島 学,プロダクション(PRD),エンジニアリング(ENG),,AI/ML,0:甘口(学生含めどなたでも),"現地講演
ASK the Speaker
ローカライズ可
アーカイブ可",https://cedec.cesa.or.jp/2025/timetable/detail/s67aea5f4d1565
2025/07/24 16:40:00,2025/07/24 17:40:00,レギュラーセッション(60分),アーケードカードゲーム制作における生成AIを用いたQA自動化〜AI活用による効率的なチェックプロセスの実現〜,"株式会社テックフラッグ 山中 亮
株式会社 バンダイナムコ エクスペリエンス 岡本吉弘",プロダクション(PRD),エンジニアリング(ENG),アーケード,"AI/ML
QA
自動テスト",1:中辛(この分野の初心者へ),現地講演,https://cedec.cesa.or.jp/2025/timetable/detail/s67b1b0ce6e8d8
2025/07/24 16:40:00,2025/07/24 17:40:00,レギュラーセッション(60分),新興国のゲームショウとゲーム開発者向けカンファレンスの現在地,ルーディムス株式会社 佐藤　翔,ビジネス&プロデュース(BP),カテゴリなし,"コンシューマ
モバイル
PC",,2:辛口(ある程度の経験がある人へ),"現地講演
ASK the Speaker
ローカライズ可
アーカイブ可",https://cedec.cesa.or.jp/2025/timetable/detail/s67a07ed4bcc1f
2025/07/24 11:10:00,2025/07/24 12:10:00,レギュラーセッション(60分),「学園アイドルマスター」のコミュができるまで 〜制約の中で光る演出術と制作システムの工夫〜,"株式会社QualiArts 宇野 雅視
株式会社QualiArts 杉村 貴之
株式会社QualiArts 山城 悠太郎",ビジュアルアーツ(VA),"エンジニアリング(ENG)
ゲームデザイン(GD)",,"TA
ストーリーテリング",1:中辛(この分野の初心者へ),"現地講演
ASK the Speaker
ローカライズ可
アーカイブ可",https://cedec.cesa.or.jp/2025/timetable/detail/s67ae9c5291bcc
2025/07/23 13:20:00,2025/07/23 14:20:00,レギュラーセッション(60分),モーションアクターによる殺陣やバトルシーンを創る為のノウハウ共有,"株式会社モーションアクター 杉口　秀樹
株式会社モーションアクター 金子　起也
株式会社モーションアクター Mao",ビジュアルアーツ(VA),カテゴリなし,,"アニメーション（3D）
コンバットデザイン",0:甘口(学生含めどなたでも),"現地講演
ASK the Speaker
ローカライズ可
アーカイブ可",https://cedec.cesa.or.jp/2025/timetable/detail/s6783aac13e2eb
2025/07/22 16:40:00,2025/07/22 17:40:00,レギュラーセッション(60分),安心安全に生成AIを使おう！社内で運用中の生成AIのガバナンスをご紹介,"株式会社セガ 矢儀 篤樹
株式会社セガ 横島 太志",ビジネス&プロデュース(BP),プロダクション(PRD),,AI/ML,1:中辛(この分野の初心者へ),現地講演,https://cedec.cesa.or.jp/2025/timetable/detail/s679d19a9ab9f3
,,インタラクティブセッション,Jumplab3D : 3Dゲームのカメラシステムを題材にしたゲーム開発教材,"明治大学大学院 伊藤 正佳
明治大学 福地 健太郎",学術研究(AC),ゲームデザイン(GD),"コンシューマ
PC","UX
コンバットデザイン
レベルデザイン",0:甘口(学生含めどなたでも),"配信なし
現地講演",https://cedec.cesa.or.jp/2025/timetable/detail/s67b1a9e438216
2025/07/24 16:40:00,2025/07/24 17:40:00,レギュラーセッション(60分),今そこにいる！ホロライブのリアル会場ライブやARライブの実在性を高める照明演出,"カバー株式会社 平野 晶麗
TxD（株式会社スピン） よしだたかゆき
TxD（有限会社ライズ） 泉 次雄",ビジュアルアーツ(VA),エンジニアリング(ENG),PC,"TA
UX
レンダリング",2:辛口(ある程度の経験がある人へ),"現地講演
ASK the Speaker",https://cedec.cesa.or.jp/2025/timetable/detail/s67af0e836ed0b
2025/07/22 16:40:00,2025/07/22 17:40:00,レギュラーセッション(60分),『Paradox Live』アートワーク業務におけるCLIP STUDIO PAINT活用事例,"株式会社セルシス 武田　暁雄
株式会社サムザップ ぷらなりこ",ビジュアルアーツ(VA),カテゴリなし,,,0:甘口(学生含めどなたでも),"Zoom配信
ASK the Speaker
ComingSoonで表示",https://cedec.cesa.or.jp/2025/timetable/detail/s681af638a484f
2025/07/24 18:00:00,2025/07/24 19:00:00,ワークショップ,【ふりかえりワークショップ】Tryを決めるだけじゃない！感情にフォーカスした、ふりかえりを体験しよう！,"SCRUMMASUDAR 増田 謙太郎
KDDIアジャイル開発センター株式会社 森田 和則",プロダクション(PRD),カテゴリなし,,,0:甘口(学生含めどなたでも),"現地講演
ASK the Speaker
ローカライズ可
アーカイブ可
ラウンドテーブル・ワークショップ配信あり",https://cedec.cesa.or.jp/2025/timetable/detail/s67975afaa199c
2025/07/22 15:00:00,2025/07/22 16:00:00,レギュラーセッション(60分),ゲーム開発に関わる全ての人が知っておくべき下請法・フリーランス法：契約・取引の注意点 ゲーム業界の健全な発展のために,"ＰＨＩ法律事務所 戸上雄基
PHI法律事務所 安藤　広人",ビジネス&プロデュース(BP),カテゴリなし,,,1:中辛(この分野の初心者へ),"現地講演
ASK the Speaker
ローカライズ可",https://cedec.cesa.or.jp/2025/timetable/detail/s67b1fc4510760
2025/07/23 16:20:00,2025/07/23 17:20:00,パネルディスカッション(60分),Community Building and Social Connection for Game Developers: Reaching Global Audiences on Discord／ゲーム開発者のためのコミュニティ構築とソーシャルコネクションについて：Discordを活用してグローバルなユーザー層に広く宣伝する方法,"Discord Inc. ロス・ラジュネス
株式会社NAVICUS 武内 一矢",ビジネス&プロデュース(BP),カテゴリなし,コンシューマ,GaaS,0:甘口(学生含めどなたでも),"逐次通訳
現地講演
ローカライズ可
アーカイブ可",https://cedec.cesa.or.jp/2025/timetable/detail/s67aed0dbae83d
2025/07/24 11:10:00,2025/07/24 12:10:00,レギュラーセッション(60分),プレイヤーの好奇心が導くチュートリアル：メタバースが描き出すAIエージェントによる新しいゲームの姿,"クラスター株式会社 柳川 光理
クラスター株式会社 廣井 裕一
クラスター株式会社 小倉 邦彦",学術研究(AC),"エンジニアリング(ENG)
ゲームデザイン(GD)",,AI/ML,1:中辛(この分野の初心者へ),"現地講演
ASK the Speaker
ローカライズ可
アーカイブ可",https://cedec.cesa.or.jp/2025/timetable/detail/s67b15972176ad
2025/07/23 14:40:00,2025/07/23 15:40:00,レギュラーセッション(60分),開発効率100倍！クリエイティブを加速させるAIエージェント構築 〜翻訳からはじまった開発プロセス広域AI化の手引き〜,株式会社Algomatic 野田 克樹,ビジネス&プロデュース(BP),エンジニアリング(ENG),,,0:甘口(学生含めどなたでも),"現地講演
ASK the Speaker
ローカライズ可
アーカイブ可
ComingSoonで表示",https://cedec.cesa.or.jp/2025/timetable/detail/s681af78052be0
2025/07/22 15:00:00,2025/07/22 16:00:00,レギュラーセッション(60分),「Roblox」の開発環境とその効率化 〜DAU8500万人超の巨大プラットフォームの開発 事始め〜,NeXtreme Studio 丹治 慶太,エンジニアリング(ENG),ビジネス&プロデュース(BP),"コンシューマ
モバイル
PC",GaaS,0:甘口(学生含めどなたでも),"現地講演
ローカライズ可
アーカイブ可",https://cedec.cesa.or.jp/2025/timetable/detail/s67b288f9d9de7
2025/07/23 13:20:00,2025/07/23 14:20:00,レギュラーセッション(60分),『モンスターハンターワイルズ』ゲーム開発の限界を超える！先端技術を駆使した自動プレイシステム,"株式会社カプコン 阿部 一樹
株式会社カプコン 野村 直弘
株式会社カプコン 石原 景太",エンジニアリング(ENG),プロダクション(PRD),"コンシューマ
PC","AI/ML
QA
自動テスト",1:中辛(この分野の初心者へ),"現地講演
ASK the Speaker",https://cedec.cesa.or.jp/2025/timetable/detail/s67a9f148dc1b1
2025/07/24 13:40:00,2025/07/24 14:40:00,レギュラーセッション(60分),WwiseとUnrealによるSpatial Audio入門 / Wwise 2025.1最新情報,Audiokinetic株式会社 合田 浩,サウンド(SND),エンジニアリング(ENG),"コンシューマ
モバイル
PC",,1:中辛(この分野の初心者へ),"現地講演
ローカライズ可
アーカイブ可
ComingSoonで表示",https://cedec.cesa.or.jp/2025/timetable/detail/s681aea79e30bc
2025/07/24 15:00:00,2025/07/24 15:25:00,ショートセッション(25分),Unity向け軽量サウンドマネージャーの開発と運用: 小規模タイトルに最適な設計について,MyDearest株式会社 田中 孝,サウンド(SND),エンジニアリング(ENG),,,0:甘口(学生含めどなたでも),"現地講演
ASK the Speaker
ローカライズ可
アーカイブ可",https://cedec.cesa.or.jp/2025/timetable/detail/s67a98c750d540
2025/07/22 15:00:00,2025/07/22 16:00:00,レギュラーセッション(60分),【講演】材料からデザインする「電気を使わないインタラクション」,NTT株式会社 安 謙太郎,学術研究(AC),カテゴリなし,,,0:甘口(学生含めどなたでも),現地講演,https://cedec.cesa.or.jp/2025/timetable/detail/s67e2a521d061b
2025/07/24 13:40:00,2025/07/24 14:40:00,ラウンドテーブル(60分),ゲームUIラウンドテーブル,"サーフィス株式会社 喜納　彬光
株式会社カプコン 植田　雅生
株式会社サイゲームス 荒木　竜馬",ビジュアルアーツ(VA),カテゴリなし,,UI,1:中辛(この分野の初心者へ),"配信なし
現地講演
ASK the Speaker
ローカライズ可
アーカイブ可",https://cedec.cesa.or.jp/2025/timetable/detail/s67b1de9593fdb
2025/07/24 18:30:00,2025/07/24 18:55:00,ショートセッション(25分),小規模開発スタジオでのユーザーテスト活用事例,株式会社ボーカゲームスタジオ 紺野　拓郎,プロダクション(PRD),ビジネス&プロデュース(BP),コンシューマ,"QA
ゲームユーザーリサーチ",1:中辛(この分野の初心者へ),現地講演,https://cedec.cesa.or.jp/2025/timetable/detail/s6791b3118d208
2025/07/23 14:40:00,2025/07/23 15:40:00,レギュラーセッション(60分),理想に挑み、現実に学ぶ：未経験から飛び込んだインディーゲーム開発者のリアル / Berserk or Dieの絵作りとヴァンサバのponcleとの出会い,"モノリリス モーノ
モノリリス リリス
Nao Games 柴田	直",ビジネス&プロデュース(BP),プロダクション(PRD),,,0:甘口(学生含めどなたでも),"現地講演
ASK the Speaker
ローカライズ可
アーカイブ可
ComingSoonで表示",https://cedec.cesa.or.jp/2025/timetable/detail/s681ae41f598ed
2025/07/22 11:10:00,2025/07/22 12:10:00,レギュラーセッション(60分),Fast as hell: idTech8 Global Illumination.／大迫力な地獄を再現 ：idTech8 グローバルイルミネーション,ID Software ティアゴ・ソウザ,エンジニアリング(ENG),カテゴリなし,"コンシューマ
PC",,3:激辛(知的刺激を求める人へ),"同時通訳
現地講演
ASK the Speaker
ローカライズ可
アーカイブ可
ComingSoonで表示",https://cedec.cesa.or.jp/2025/timetable/detail/s67fce32991072
2025/07/22 18:00:00,2025/07/22 18:25:00,ショートセッション(25分),VRゲームの未来 ? 売れ筋作品のカリギュラ性と開発者の狂気,MyDearest株式会社 池田　博幸,ゲームデザイン(GD),プロダクション(PRD),,"UX
ストーリーテリング",0:甘口(学生含めどなたでも),"現地講演
ASK the Speaker
ローカライズ可
アーカイブ可",https://cedec.cesa.or.jp/2025/timetable/detail/s67aebfc34bbb6
2025/07/24 13:40:00,2025/07/24 14:40:00,レギュラーセッション(60分),動きが小さい、キレがない、ポーズが決まらない、オリジナリティがない……インゲームアニメーターのお悩み処方箋,所属なし 石黒 正隆,ビジュアルアーツ(VA),カテゴリなし,,アニメーション（3D）,1:中辛(この分野の初心者へ),"現地講演
ASK the Speaker",https://cedec.cesa.or.jp/2025/timetable/detail/s67b267098b967
2025/07/24 15:00:00,2025/07/24 16:00:00,レギュラーセッション(60分),CRI ADXと駆け抜けた若手社員たちの物語 ??サウンド演出への挑戦??,"株式会社ＣＲＩ・ミドルウェア 大町 祥輝
株式会社バンダイナムコスタジオ 大木 奏弥
株式会社バンダイナムコスタジオ 燕 青
株式会社バンダイナムコスタジオ 坪井 リヒト",サウンド(SND),カテゴリなし,,,0:甘口(学生含めどなたでも),"現地講演
ローカライズ可
アーカイブ可
ComingSoonで表示",https://cedec.cesa.or.jp/2025/timetable/detail/s681af4073cea3
2025/07/22 15:00:00,2025/07/22 16:00:00,レギュラーセッション(60分),モンスターハンターワイルズ　思ったよりも範囲が広い!? UIアートの仕事とコンセプト,株式会社カプコン 香村 望世,ビジュアルアーツ(VA),ゲームデザイン(GD),"コンシューマ
PC",UI,0:甘口(学生含めどなたでも),現地講演,https://cedec.cesa.or.jp/2025/timetable/detail/s67ac31d6912ed
2025/07/24 13:40:00,2025/07/24 14:40:00,レギュラーセッション(60分),ゲームのアクセシビリティから共創する社会へ　?障害者×支援者×開発者が共につくるゲームの取り組みから?,"公益社団法人 NEXT VISION 三宅 琢
愛知教育大学 相羽 大輔
株式会社バンダイナムコスタジオ 原田 勝弘
ゲームアクセシビリティ研究チームIGL 白井 崇陽",ビジネス&プロデュース(BP),カテゴリなし,,QA,0:甘口(学生含めどなたでも),"現地講演
ASK the Speaker
ローカライズ可
アーカイブ可
ComingSoonで表示",https://cedec.cesa.or.jp/2025/timetable/detail/s67e2ab8446252
2025/07/23 9:30:00,2025/07/23 10:30:00,レギュラーセッション(60分),インディーゲームにおける「パブリッシング契約」の法的ポイント,シティライツ法律事務所 前野　孝太朗,ビジネス&プロデュース(BP),カテゴリなし,,,0:甘口(学生含めどなたでも),"現地講演
ASK the Speaker
ローカライズ可",https://cedec.cesa.or.jp/2025/timetable/detail/s67b0c2c02f56e
2025/07/22 16:40:00,2025/07/22 17:40:00,レギュラーセッション(60分),アーケードアーカイバー／ゲーム開発者の証言と開発資料を配信動画として遺す意義,"株式会社タイトー 外山　雄一
株式会社ハムスター 濱田　倫
株式会社バンダイナムコエンターテインメント 宇出津　和仁",学術研究(AC),ビジネス&プロデュース(BP),,,0:甘口(学生含めどなたでも),"現地講演
ASK the Speaker
ローカライズ可
アーカイブ可",https://cedec.cesa.or.jp/2025/timetable/detail/s67b1a597e6209
2025/07/24 15:00:00,2025/07/24 16:00:00,レギュラーセッション(60分),ライティングアーティストってどんな仕事？,"�潟oンダイナムコスタジオ 溝口優子
�潟oンダイナムコスタジオ 鈴木 雅幸
�潟oンダイナムコスタジオ 小林 裕",ビジュアルアーツ(VA),カテゴリなし,,レンダリング,1:中辛(この分野の初心者へ),"現地講演
ASK the Speaker
ローカライズ可
アーカイブ可",https://cedec.cesa.or.jp/2025/timetable/detail/s67aed90977480
2025/07/22 16:40:00,2025/07/22 17:40:00,レギュラーセッション(60分),捨てない分析──1TBをブラウザで扱う“超高解像度”アクセスログ可視化,"株式会社gumi 井上 虎太郎
株式会社gumi 清水 佑吾",エンジニアリング(ENG),カテゴリなし,モバイル,"QA
サーバー
レンダリング",2:辛口(ある程度の経験がある人へ),"現地講演
ASK the Speaker",https://cedec.cesa.or.jp/2025/timetable/detail/s67af373348a4b
2025/07/22 11:10:00,2025/07/22 12:10:00,レギュラーセッション(60分),エンジニア横断組織が支えるUnityゲーム開発 - 技術の積み上げと横展開の工夫のみちのり,株式会社ディー・エヌ・エー 酒井 宏基,プロダクション(PRD),エンジニアリング(ENG),,,0:甘口(学生含めどなたでも),"現地講演
ASK the Speaker
ComingSoonで表示",https://cedec.cesa.or.jp/2025/timetable/detail/s67af06f8b8e81
2025/07/23 13:20:00,2025/07/23 14:20:00,レギュラーセッション(60分),ゲームにおけるリアルタイム通信へのQUIC導入事例の紹介,"株式会社セガ 竹原 涼
株式会社セガ 松崎大
株式会社セガ 藤村 隆史",エンジニアリング(ENG),カテゴリなし,"モバイル
PC",サーバー,2:辛口(ある程度の経験がある人へ),"現地講演
ASK the Speaker
ローカライズ可
アーカイブ可",https://cedec.cesa.or.jp/2025/timetable/detail/s67ad95a3c83c2
2025/07/22 13:40:00,2025/07/22 14:40:00,レギュラーセッション(60分),自動運転シミュレーション──現在地と「これから向かう先」,株式会社ティアフォー 高島 芳仁,エンジニアリング(ENG),プロダクション(PRD),,AI/ML,1:中辛(この分野の初心者へ),"現地講演
ComingSoonで表示",https://cedec.cesa.or.jp/2025/timetable/detail/s67fcdfee21936
2025/07/24 15:30:00,2025/07/24 15:55:00,ショートセッション(25分),ビジネスを守る社会的品質のアプローチ〜炎上リスクを回避する秘訣〜,"株式会社ディー・エヌ・エー 花房 輝鑑
株式会社ディー・エヌ・エー 林 丈二
株式会社ディー・エヌ・エー 小貝 壽惠子",プロダクション(PRD),ビジネス&プロデュース(BP),,QA,1:中辛(この分野の初心者へ),現地講演,https://cedec.cesa.or.jp/2025/timetable/detail/s67ad72a4a0eaa
2025/07/23 14:40:00,2025/07/23 15:40:00,レギュラーセッション(60分),「魔法少女まどか☆マギカ Magia Exedra」の必殺技演出を徹底解剖！ -キャラクターの魅力を最大限にファンに届けるためのこだわり-,"株式会社WFS 新谷 雄輝
株式会社WFS 金子 俊太朗
株式会社WFS 佐々木文哉",ビジュアルアーツ(VA),カテゴリなし,モバイル,"アニメーション（3D）
レンダリング",0:甘口(学生含めどなたでも),"現地講演
ASK the Speaker
ローカライズ可
アーカイブ可",https://cedec.cesa.or.jp/2025/timetable/detail/s67af13c335d6b
2025/07/22 9:30:00,2025/07/22 10:50:00,基調講演,GX社会におけるデジタルインフラ進化論 〜クラウド×生成AI時代に、開発者が知っておくべき“基盤”の話〜,さくらインターネット株式会社 田中 邦裕,カテゴリなし,,,,0:甘口(学生含めどなたでも),"現地講演
ASK the Speaker
ローカライズ可
アーカイブ可
ComingSoonで表示",https://cedec.cesa.or.jp/2025/timetable/detail/s6832f3e1d3e76
2025/07/23 10:50:00,2025/07/23 11:50:00,レギュラーセッション(60分),300万本売ったインディーゲームのプロデューサーだけど、もうSteamでは今までのプロデュースでは限界かもしれない　〜2000万かけてメディアを作ったワケ〜,"株式会社ワイソーシリアス 斉藤大地
ゲームゼミ Jini",ビジネス&プロデュース(BP),カテゴリなし,PC,,1:中辛(この分野の初心者へ),"現地講演
ASK the Speaker
ローカライズ可
ComingSoonで表示",https://cedec.cesa.or.jp/2025/timetable/detail/s67b2600937cb6
2025/07/22 13:40:00,2025/07/22 14:40:00,レギュラーセッション(60分),ゲームUIの「デザインとロジックの分離」 モンスターハンターワイルズにおける新しいUI実装,株式会社カプコン 西尾 祐一,エンジニアリング(ENG),ビジュアルアーツ(VA),"コンシューマ
PC",UI,1:中辛(この分野の初心者へ),現地講演,https://cedec.cesa.or.jp/2025/timetable/detail/s67ade10066e83
2025/07/24 16:40:00,2025/07/24 17:40:00,レギュラーセッション(60分),『鉄拳8』Unreal Engine 5 Niagaraによる開発事例と最適化 〜60FPSを守る〜,株式会社バンダイナムコスタジオ 木下　領太,エンジニアリング(ENG),ビジュアルアーツ(VA),,"TA
レンダリング",1:中辛(この分野の初心者へ),"現地講演
ASK the Speaker",https://cedec.cesa.or.jp/2025/timetable/detail/s6797192a7496b
2025/07/23 13:20:00,2025/07/23 14:20:00,レギュラーセッション(60分),NeuralPVS: 『グランツーリスモ７』におけるニューラルネットワークを用いた次世代オブジェクトカリングシステム,"株式会社ポリフォニー・デジタル 于 承中
株式会社ポリフォニー・デジタル 内村 創",エンジニアリング(ENG),カテゴリなし,,"AI/ML
レンダリング",2:辛口(ある程度の経験がある人へ),"現地講演
ASK the Speaker
ローカライズ可
アーカイブ可",https://cedec.cesa.or.jp/2025/timetable/detail/s67ac69b3322b4
2025/07/24 16:40:00,2025/07/24 17:40:00,レギュラーセッション(60分),プロシージャルゲームコンテンツ制作ブートキャンプ 2025 Houdini Engine,"SideFX 多喜 建一
SideFX ダミアン ペルヌイ",ビジュアルアーツ(VA),エンジニアリング(ENG),,,1:中辛(この分野の初心者へ),"現地講演
ローカライズ可
アーカイブ可
ComingSoonで表示",https://cedec.cesa.or.jp/2025/timetable/detail/s681af0ecbdde7
2025/07/22 16:40:00,2025/07/22 17:40:00,レギュラーセッション(60分),五感を研ぎ澄ませること。,DIALOG IN THE DARK JAPAN 志村 真介,サウンド(SND),カテゴリなし,,,0:甘口(学生含めどなたでも),"現地講演
ASK the Speaker
ローカライズ可
アーカイブ可",https://cedec.cesa.or.jp/2025/timetable/detail/s67e2c18f01348
2025/07/24 15:00:00,2025/07/24 16:00:00,レギュラーセッション(60分),無限のプレイ体験！『ハローキティ マーチマッチ』における深層強化学習を用いたオンデバイスレベル生成,"株式会社サイバーエージェント 伊原 滉也
株式会社サイバーエージェント 黒田 和矢",エンジニアリング(ENG),ゲームデザイン(GD),モバイル,"QA
UX
レベルデザイン",1:中辛(この分野の初心者へ),"現地講演
ASK the Speaker
ローカライズ可
アーカイブ可
ComingSoonで表示",https://cedec.cesa.or.jp/2025/timetable/detail/s67a5b93fa5025
2025/07/23 16:20:00,2025/07/23 17:20:00,レギュラーセッション(60分),「MBAはゲーム開発にも役立つの！？」そんな疑問にお答えします 〜私の身銭と時間を使って皆様のための斥候になってきました！,株式会社 SNK 小保田　宏幸,ビジネス&プロデュース(BP),プロダクション(PRD),,,1:中辛(この分野の初心者へ),"現地講演
ASK the Speaker",https://cedec.cesa.or.jp/2025/timetable/detail/s67adabf0e1cd7
2025/07/24 11:10:00,2025/07/24 12:10:00,レギュラーセッション(60分),モンスターハンターワイルズの雲の描画 動的変化・多種多様な見た目を実現し、かつ低負荷・高品質・破綻無しを目指したシェーダーテクニック,株式会社カプコン 田 原,ビジュアルアーツ(VA),エンジニアリング(ENG),,"TA
レンダリング",1:中辛(この分野の初心者へ),現地講演,https://cedec.cesa.or.jp/2025/timetable/detail/s67ae9c2f41a38
2025/07/22 9:20:00,2025/07/22 9:25:00,主催者挨拶,主催者挨拶,一般社団法人コンピュータエンターテインメント協会 鯉沼 久史,カテゴリなし,,,,0:甘口(学生含めどなたでも),事前収録,https://cedec.cesa.or.jp/2025/timetable/detail/s6832c012ea40b
2025/07/24 15:00:00,2025/07/24 15:25:00,ショートセッション(25分),ライブサービスゲームQAのパフォーマンス検証による品質改善の取り組み,"株式会社WFS 小野　粋哉
株式会社WFS 勅使川原 大輔",プロダクション(PRD),カテゴリなし,,"GaaS
QA",0:甘口(学生含めどなたでも),"現地講演
ASK the Speaker
ローカライズ可
アーカイブ可",https://cedec.cesa.or.jp/2025/timetable/detail/s67af15a306180
2025/07/23 12:10:00,2025/07/23 12:40:00,ライトニングトーク,CEDEC Lightning 2025,CEDEC運営委員会 CEDEC Lightning 2025,カテゴリなし,,,,0:甘口(学生含めどなたでも),,https://cedec.cesa.or.jp/2025/timetable/detail/s6841305a1d6b6
2025/07/22 13:40:00,2025/07/22 14:40:00,レギュラーセッション(60分),大規模イベントを支える ABEMA のアーキテクチャ,"株式会社AbemaTV 永岡 克利
株式会社AbemaTV 辻 純平",エンジニアリング(ENG),カテゴリなし,,サーバー,0:甘口(学生含めどなたでも),"現地講演
ASK the Speaker
ローカライズ可
アーカイブ可",https://cedec.cesa.or.jp/2025/timetable/detail/s67e2adfd096ef
2025/07/22 15:00:00,2025/07/22 16:00:00,レギュラーセッション(60分),体験型エンタメとは何か 〜相互に拡大していく新たなジャンル〜,有限会社エレメンツ 石川　淳一,ゲームデザイン(GD),ビジネス&プロデュース(BP),,"UX
ストーリーテリング",0:甘口(学生含めどなたでも),"現地講演
ASK the Speaker
ローカライズ可
アーカイブ可",https://cedec.cesa.or.jp/2025/timetable/detail/s67b11fc4d496d
2025/07/22 18:00:00,2025/07/22 19:00:00,レギュラーセッション(60分),「いいものを作りたいのにユーザーから見た完成度がいまいち!?」専門分化が進む分業下でもユーザーが本当に欲しかったものを追求するプロダクトマネジメント,株式会社witch&wizards 森 雄哉,プロダクション(PRD),カテゴリなし,,,1:中辛(この分野の初心者へ),"現地講演
ASK the Speaker
ローカライズ可
アーカイブ可",https://cedec.cesa.or.jp/2025/timetable/detail/s67e2bd3118e7b
,,インタラクティブセッション,【展示】材料からデザインする「電気を使わないインタラクション」,NTT株式会社 安 謙太郎,学術研究(AC),,アーケード,,0:甘口(学生含めどなたでも),"配信なし
現地講演",https://cedec.cesa.or.jp/2025/timetable/detail/s68076a2bb36e9
2025/07/23 13:20:00,2025/07/23 14:20:00,レギュラーセッション(60分),ソニック × シャドウジェネレーションズ ：キャラクターの魅力を引き出すアニメーションと演出技法,"株式会社セガ 郷田 周吾
株式会社セガ 渋谷 浩一",ビジュアルアーツ(VA),カテゴリなし,コンシューマ,,0:甘口(学生含めどなたでも),"現地講演
ASK the Speaker
ローカライズ可
アーカイブ可
ComingSoonで表示",https://cedec.cesa.or.jp/2025/timetable/detail/s681ae533d66d7
2025/07/22 15:00:00,2025/07/22 15:25:00,ショートセッション(25分),ゲームを遊びたい人が遊べる環境を考える,"株式会社スマイルブーム 小林貴樹
東京国際工科専門職大学 小野憲史
北海道医療センター／Unigames 中村 司",ビジネス&プロデュース(BP),カテゴリなし,,,0:甘口(学生含めどなたでも),"現地講演
ASK the Speaker
ローカライズ可
アーカイブ可",https://cedec.cesa.or.jp/2025/timetable/detail/s67b1a84e8b960
2025/07/24 16:40:00,2025/07/24 17:40:00,レギュラーセッション(60分),オレオレ拡張子も怖くない！ゲームエンジン非対応のファイル形式を取り扱うには ~Unity編~,株式会社ＣＲＩ・ミドルウェア 久田 友海,エンジニアリング(ENG),カテゴリなし,,,1:中辛(この分野の初心者へ),"現地講演
ASK the Speaker
ローカライズ可
アーカイブ可",https://cedec.cesa.or.jp/2025/timetable/detail/s67b18d77229f4
2025/07/22 16:40:00,2025/07/22 17:40:00,レギュラーセッション(60分),モンスターハンターワイルズにおける動的な環境変化に対応したリアルタイムグローバルイルミネーション,"株式会社カプコン 石原 俊明
株式会社カプコン 川戸 一希",エンジニアリング(ENG),ビジュアルアーツ(VA),"コンシューマ
PC",レンダリング,2:辛口(ある程度の経験がある人へ),現地講演,https://cedec.cesa.or.jp/2025/timetable/detail/s67aea5fc8fdc6
2025/07/23 10:50:00,2025/07/23 11:50:00,レギュラーセッション(60分),サーバー未経験でもOK！GS2で支える100万DAU大型IPゲームのアウトゲーム開発秘話,"株式会社サイバーエージェント  金 敏赫
Game Server Services 株式会社 丹羽　一智",エンジニアリング(ENG),カテゴリなし,"コンシューマ
モバイル
PC
アーケード",,1:中辛(この分野の初心者へ),"現地講演
ローカライズ可
アーカイブ可
ComingSoonで表示",https://cedec.cesa.or.jp/2025/timetable/detail/s681aea2468769
2025/07/23 10:50:00,2025/07/23 11:50:00,レギュラーセッション(60分),ゲーム開発者が知るべき「豆知識」ではない心理学,"ユニティ・テクノロジーズ・ジャパン株式会社 ?�P 洋平
追手門学院大学 高橋英之",ゲームデザイン(GD),プロダクション(PRD),,UX,1:中辛(この分野の初心者へ),"現地講演
ASK the Speaker
ローカライズ可
アーカイブ可",https://cedec.cesa.or.jp/2025/timetable/detail/s67b166ba9442e
2025/07/22 15:00:00,2025/07/22 16:00:00,レギュラーセッション(60分),リモートワーク下での大規模ゲームの開発手法 : Pok?mon TCG Pocket の事例,"株式会社ディー・エヌ・エー 竹内　愛
株式会社ディー・エヌ・エー 今別府 デニス幸生",プロダクション(PRD),"ゲームデザイン(GD)
ビジネス&プロデュース(BP)",モバイル,UX,0:甘口(学生含めどなたでも),"現地講演
ASK the Speaker",https://cedec.cesa.or.jp/2025/timetable/detail/s67ada1a513823
2025/07/23 13:20:00,2025/07/23 14:20:00,レギュラーセッション(60分),共創としての「推し活」：ファンダム・コミュニティのフィールドワーク,東京都市大学 岡部 大介,学術研究(AC),カテゴリなし,,,0:甘口(学生含めどなたでも),"現地講演
ローカライズ可
ComingSoonで表示",https://cedec.cesa.or.jp/2025/timetable/detail/s67e2a41a76d56
2025/07/22 13:40:00,2025/07/22 14:40:00,レギュラーセッション(60分),Pok?mon TCG Pocket の開発を支える CI/CD 環境の転換と効果 〜 Jenkins から GitHub Actions への完全移行,株式会社ディー・エヌ・エー 白柳 隆澄,プロダクション(PRD),エンジニアリング(ENG),,CI/CD,2:辛口(ある程度の経験がある人へ),"現地講演
ASK the Speaker",https://cedec.cesa.or.jp/2025/timetable/detail/s67aecbf5c7256
2025/07/23 9:30:00,2025/07/23 10:30:00,レギュラーセッション(60分),生成AI活用を加速させる環境構築 〜社内LLM基盤とライセンス監視〜,株式会社トライエース 坂爪　武,エンジニアリング(ENG),プロダクション(PRD),,AI/ML,1:中辛(この分野の初心者へ),"現地講演
ASK the Speaker
ローカライズ可
アーカイブ可",https://cedec.cesa.or.jp/2025/timetable/detail/s67ad447b613af
2025/07/23 14:40:00,2025/07/23 15:40:00,レギュラーセッション(60分),Godotからの教訓：オープンソースを活用して日本の技術的独立を取り戻す,W4 Games Limited ダリン・ビファニ,ビジネス&プロデュース(BP),エンジニアリング(ENG),"モバイル
PC",,0:甘口(学生含めどなたでも),"現地講演
ASK the Speaker",https://cedec.cesa.or.jp/2025/timetable/detail/s67b284881e572
2025/07/23 10:50:00,2025/07/23 11:50:00,レギュラーセッション(60分),Pok?mon TCG Pocket のオンライン対戦を支える技術,株式会社ディー・エヌ・エー 関 慎太郎,エンジニアリング(ENG),カテゴリなし,,"CI/CD
サーバー",2:辛口(ある程度の経験がある人へ),"現地講演
ASK the Speaker",https://cedec.cesa.or.jp/2025/timetable/detail/s67af0efb33af1
2025/07/22 13:40:00,2025/07/22 14:40:00,チュートリアル,Immersive Audio 101 〜アーティフィシャルな3D空間をリアルの3D空間に再現する音響設計の基礎〜,株式会社コナミデジタルエンタテインメント 金子 貴紀,サウンド(SND),カテゴリなし,"コンシューマ
PC",,0:甘口(学生含めどなたでも),"現地講演
ASK the Speaker
ローカライズ可
アーカイブ可",https://cedec.cesa.or.jp/2025/timetable/detail/s67907bfab13e8
2025/07/24 13:40:00,2025/07/24 14:40:00,レギュラーセッション(60分),現場を理解して実現！ゲーム開発を効率化するWebサービスの開発と、利用促進のための継続的な改善,株式会社Cygames 諸葛泰鉉,プロダクション(PRD),エンジニアリング(ENG),モバイル,"AI/ML
CI/CD
QA
自動テスト
ローカライズ",0:甘口(学生含めどなたでも),"現地講演
ASK the Speaker",https://cedec.cesa.or.jp/2025/timetable/detail/s679c44d86e795
2025/07/22 18:00:00,2025/07/22 19:00:00,レギュラーセッション(60分),開発時の「なぜ？」を解き明かす！Pok?mon TCG Pocketにおけるテレメトリ計測基盤とその活用,株式会社ディー・エヌ・エー 大竹 悠人,エンジニアリング(ENG),プロダクション(PRD),モバイル,"QA
サーバー
自動テスト",1:中辛(この分野の初心者へ),"現地講演
ASK the Speaker",https://cedec.cesa.or.jp/2025/timetable/detail/s67aecc1520907
2025/07/23 14:40:00,2025/07/23 15:40:00,レギュラーセッション(60分),Flow PTで支える「NINJA GAIDEN 4」のプロジェクト運営術,"プラチナゲームズ株式会社 村上 学
プラチナゲームズ株式会社 東 誠也",プロダクション(PRD),カテゴリなし,コンシューマ,,0:甘口(学生含めどなたでも),"現地講演
ASK the Speaker
ローカライズ可
アーカイブ可
ComingSoonで表示",https://cedec.cesa.or.jp/2025/timetable/detail/s681ae58278f82
2025/07/23 9:30:00,2025/07/23 10:30:00,レギュラーセッション(60分),Pok?mon TCG Pocketにおけるデジタルカード表現とその制作手法,"株式会社ディー・エヌ・エー 半田佑馬
株式会社クリーチャーズ 長屋 悟
株式会社ディー・エヌ・エー 山本 真史
株式会社ディー・エヌ・エー 廣田 隆哉",ビジュアルアーツ(VA),エンジニアリング(ENG),モバイル,"TA
レンダリング",1:中辛(この分野の初心者へ),"現地講演
ASK the Speaker",https://cedec.cesa.or.jp/2025/timetable/detail/s67ade43db9060